/*
Navicat MySQL Data Transfer

Source Server         : localhost_3306
Source Server Version : 50712
Source Host           : localhost:3306
Source Database       : crm

Target Server Type    : MYSQL
Target Server Version : 50712
File Encoding         : 65001

Date: 2016-05-31 15:31:57
*/

SET FOREIGN_KEY_CHECKS=0;
-- ----------------------------
-- Table structure for `clients`
-- ----------------------------
DROP TABLE IF EXISTS `clients`;
CREATE TABLE `clients` (
  `id` int(11) NOT NULL AUTO_INCREMENT,
  `name` varchar(255) NOT NULL,
  `date` date NOT NULL,
  `work_type` varchar(255) NOT NULL,
  `way` varchar(255) NOT NULL,
  `contract_number` varchar(255) NOT NULL,
  `priority` int(4) NOT NULL DEFAULT '0',
  `color` varchar(50) DEFAULT NULL,
  `text_color` varchar(50) DEFAULT NULL,
  `is_archive` enum('1','0') NOT NULL DEFAULT '0',
  PRIMARY KEY (`id`),
  KEY `Name` (`name`)
) ENGINE=InnoDB AUTO_INCREMENT=20 DEFAULT CHARSET=utf8;

-- ----------------------------
-- Records of clients
-- ----------------------------
INSERT INTO `clients` VALUES ('-1', 'Костыль', '2016-04-29', '0', 'лол', '0', '0', null, null, '0');
INSERT INTO `clients` VALUES ('10', 'ООО ПЭК', '2016-03-16', '1', 'Оборудование', '211', '0', '#c0c0c0', '#000000', '0');
INSERT INTO `clients` VALUES ('11', 'Томми-Ган', '2016-05-14', '1', 'Сайты', '001', '0', '#b0d6d9', '#000000', '0');
INSERT INTO `clients` VALUES ('12', 'Бригадир', '2016-05-16', '1', 'Ремонт', '230', '0', '#f3c752', '#000000', '0');
INSERT INTO `clients` VALUES ('13', 'ООО \'ЭРИДА\'', '2016-05-23', '1', 'Общепит', '233', '0', '#ed7b78', '#ffffff', '0');
INSERT INTO `clients` VALUES ('14', 'Аргумент', '2016-04-06', '1', 'Реклама', '178', '0', '#80ffff', '#000000', '0');
INSERT INTO `clients` VALUES ('15', 'СВК', '2015-11-18', '1', 'Металл', '149/2', '0', '#11b1ff', '#000000', '0');
INSERT INTO `clients` VALUES ('16', 'Эльсияр', '2015-12-02', '1', 'Танцы', '185', '0', '#c5ff8a', '#000000', '0');
INSERT INTO `clients` VALUES ('17', 'Флагман (Корозо)', '2015-12-10', '1', 'Мебель', '158', '0', '#ff80ff', '#000000', '0');
INSERT INTO `clients` VALUES ('18', 'Окна ДАРОМ', '2016-01-12', '4', 'Окна', '187', '0', '#50ab5b', '#000000', '0');
INSERT INTO `clients` VALUES ('19', 'Студия праздника', '2016-03-15', '1', 'Праздники', '165/1', '0', '#c55621', '#000000', '0');

-- ----------------------------
-- Table structure for `dates`
-- ----------------------------
DROP TABLE IF EXISTS `dates`;
CREATE TABLE `dates` (
  `id` int(11) NOT NULL AUTO_INCREMENT,
  `date` date NOT NULL,
  `is_work_day` enum('1','0') NOT NULL DEFAULT '1',
  PRIMARY KEY (`id`)
) ENGINE=InnoDB AUTO_INCREMENT=3127 DEFAULT CHARSET=utf8;

-- ----------------------------
-- Records of dates
-- ----------------------------
INSERT INTO `dates` VALUES ('1519', '2015-11-21', '0');
INSERT INTO `dates` VALUES ('1520', '2015-11-22', '0');
INSERT INTO `dates` VALUES ('1521', '2015-11-23', '1');
INSERT INTO `dates` VALUES ('1522', '2015-11-24', '1');
INSERT INTO `dates` VALUES ('1523', '2015-11-25', '1');
INSERT INTO `dates` VALUES ('1524', '2015-11-26', '1');
INSERT INTO `dates` VALUES ('1525', '2015-11-27', '1');
INSERT INTO `dates` VALUES ('1526', '2015-11-28', '0');
INSERT INTO `dates` VALUES ('1527', '2015-11-29', '0');
INSERT INTO `dates` VALUES ('1528', '2015-11-30', '1');
INSERT INTO `dates` VALUES ('1529', '2015-12-01', '1');
INSERT INTO `dates` VALUES ('1530', '2015-12-02', '1');
INSERT INTO `dates` VALUES ('1531', '2015-12-03', '1');
INSERT INTO `dates` VALUES ('1532', '2015-12-04', '1');
INSERT INTO `dates` VALUES ('1533', '2015-12-05', '0');
INSERT INTO `dates` VALUES ('1534', '2015-12-06', '0');
INSERT INTO `dates` VALUES ('1535', '2015-12-07', '1');
INSERT INTO `dates` VALUES ('1536', '2015-12-08', '1');
INSERT INTO `dates` VALUES ('1537', '2015-12-09', '1');
INSERT INTO `dates` VALUES ('1538', '2015-12-10', '1');
INSERT INTO `dates` VALUES ('1539', '2015-12-11', '1');
INSERT INTO `dates` VALUES ('1540', '2015-12-12', '0');
INSERT INTO `dates` VALUES ('1541', '2015-12-13', '0');
INSERT INTO `dates` VALUES ('1542', '2015-12-14', '1');
INSERT INTO `dates` VALUES ('1543', '2015-12-15', '1');
INSERT INTO `dates` VALUES ('1544', '2015-12-16', '1');
INSERT INTO `dates` VALUES ('1545', '2015-12-17', '1');
INSERT INTO `dates` VALUES ('1546', '2015-12-18', '1');
INSERT INTO `dates` VALUES ('1547', '2015-12-19', '0');
INSERT INTO `dates` VALUES ('1548', '2015-12-20', '0');
INSERT INTO `dates` VALUES ('1549', '2015-12-21', '1');
INSERT INTO `dates` VALUES ('1550', '2015-12-22', '1');
INSERT INTO `dates` VALUES ('1551', '2015-12-23', '1');
INSERT INTO `dates` VALUES ('1552', '2015-12-24', '1');
INSERT INTO `dates` VALUES ('1553', '2015-12-25', '1');
INSERT INTO `dates` VALUES ('1554', '2015-12-26', '0');
INSERT INTO `dates` VALUES ('1555', '2015-12-27', '0');
INSERT INTO `dates` VALUES ('1556', '2015-12-28', '1');
INSERT INTO `dates` VALUES ('1557', '2015-12-29', '1');
INSERT INTO `dates` VALUES ('1558', '2015-12-30', '1');
INSERT INTO `dates` VALUES ('1559', '2015-12-31', '1');
INSERT INTO `dates` VALUES ('1560', '2016-01-01', '1');
INSERT INTO `dates` VALUES ('1561', '2016-01-02', '0');
INSERT INTO `dates` VALUES ('1562', '2016-01-03', '0');
INSERT INTO `dates` VALUES ('1563', '2016-01-04', '1');
INSERT INTO `dates` VALUES ('1564', '2016-01-05', '1');
INSERT INTO `dates` VALUES ('1565', '2016-01-06', '1');
INSERT INTO `dates` VALUES ('1566', '2016-01-07', '1');
INSERT INTO `dates` VALUES ('1567', '2016-01-08', '1');
INSERT INTO `dates` VALUES ('1568', '2016-01-09', '0');
INSERT INTO `dates` VALUES ('1569', '2016-01-10', '0');
INSERT INTO `dates` VALUES ('1570', '2016-01-11', '1');
INSERT INTO `dates` VALUES ('1571', '2016-01-12', '1');
INSERT INTO `dates` VALUES ('1572', '2016-01-13', '1');
INSERT INTO `dates` VALUES ('1573', '2016-01-14', '1');
INSERT INTO `dates` VALUES ('1574', '2016-01-15', '1');
INSERT INTO `dates` VALUES ('1575', '2016-01-16', '0');
INSERT INTO `dates` VALUES ('1576', '2016-01-17', '0');
INSERT INTO `dates` VALUES ('1577', '2016-01-18', '1');
INSERT INTO `dates` VALUES ('1578', '2016-01-19', '1');
INSERT INTO `dates` VALUES ('1579', '2016-01-20', '1');
INSERT INTO `dates` VALUES ('1580', '2016-01-21', '1');
INSERT INTO `dates` VALUES ('1581', '2016-01-22', '1');
INSERT INTO `dates` VALUES ('1582', '2016-01-23', '0');
INSERT INTO `dates` VALUES ('1583', '2016-01-24', '0');
INSERT INTO `dates` VALUES ('1584', '2016-01-25', '1');
INSERT INTO `dates` VALUES ('1585', '2016-01-26', '1');
INSERT INTO `dates` VALUES ('1586', '2016-01-27', '1');
INSERT INTO `dates` VALUES ('1587', '2016-01-28', '1');
INSERT INTO `dates` VALUES ('1588', '2016-01-29', '1');
INSERT INTO `dates` VALUES ('1589', '2016-01-30', '0');
INSERT INTO `dates` VALUES ('1590', '2016-01-31', '0');
INSERT INTO `dates` VALUES ('1591', '2016-02-01', '1');
INSERT INTO `dates` VALUES ('1592', '2016-02-02', '1');
INSERT INTO `dates` VALUES ('1593', '2016-02-03', '1');
INSERT INTO `dates` VALUES ('1594', '2016-02-04', '1');
INSERT INTO `dates` VALUES ('1595', '2016-02-05', '1');
INSERT INTO `dates` VALUES ('1596', '2016-02-06', '0');
INSERT INTO `dates` VALUES ('1597', '2016-02-07', '0');
INSERT INTO `dates` VALUES ('1598', '2016-02-08', '1');
INSERT INTO `dates` VALUES ('1599', '2016-02-09', '1');
INSERT INTO `dates` VALUES ('1600', '2016-02-10', '1');
INSERT INTO `dates` VALUES ('1601', '2016-02-11', '1');
INSERT INTO `dates` VALUES ('1602', '2016-02-12', '1');
INSERT INTO `dates` VALUES ('1603', '2016-02-13', '0');
INSERT INTO `dates` VALUES ('1604', '2016-02-14', '0');
INSERT INTO `dates` VALUES ('1605', '2016-02-15', '1');
INSERT INTO `dates` VALUES ('1606', '2016-02-16', '1');
INSERT INTO `dates` VALUES ('1607', '2016-02-17', '1');
INSERT INTO `dates` VALUES ('1608', '2016-02-18', '1');
INSERT INTO `dates` VALUES ('1609', '2016-02-19', '1');
INSERT INTO `dates` VALUES ('1610', '2016-02-20', '0');
INSERT INTO `dates` VALUES ('1611', '2016-02-21', '0');
INSERT INTO `dates` VALUES ('1612', '2016-02-22', '1');
INSERT INTO `dates` VALUES ('1613', '2016-02-23', '1');
INSERT INTO `dates` VALUES ('1614', '2016-02-24', '1');
INSERT INTO `dates` VALUES ('1615', '2016-02-25', '1');
INSERT INTO `dates` VALUES ('1616', '2016-02-26', '1');
INSERT INTO `dates` VALUES ('1617', '2016-02-27', '0');
INSERT INTO `dates` VALUES ('1618', '2016-02-28', '0');
INSERT INTO `dates` VALUES ('1619', '2016-02-29', '1');
INSERT INTO `dates` VALUES ('1620', '2016-03-01', '1');
INSERT INTO `dates` VALUES ('1621', '2016-03-02', '1');
INSERT INTO `dates` VALUES ('1622', '2016-03-03', '1');
INSERT INTO `dates` VALUES ('1623', '2016-03-04', '1');
INSERT INTO `dates` VALUES ('1624', '2016-03-05', '0');
INSERT INTO `dates` VALUES ('1625', '2016-03-06', '0');
INSERT INTO `dates` VALUES ('1626', '2016-03-07', '1');
INSERT INTO `dates` VALUES ('1627', '2016-03-08', '1');
INSERT INTO `dates` VALUES ('1628', '2016-03-09', '1');
INSERT INTO `dates` VALUES ('1629', '2016-03-10', '1');
INSERT INTO `dates` VALUES ('1630', '2016-03-11', '1');
INSERT INTO `dates` VALUES ('1631', '2016-03-12', '0');
INSERT INTO `dates` VALUES ('1632', '2016-03-13', '0');
INSERT INTO `dates` VALUES ('1633', '2016-03-14', '1');
INSERT INTO `dates` VALUES ('1634', '2016-03-15', '1');
INSERT INTO `dates` VALUES ('1635', '2016-03-16', '1');
INSERT INTO `dates` VALUES ('1636', '2016-03-17', '1');
INSERT INTO `dates` VALUES ('1637', '2016-03-18', '1');
INSERT INTO `dates` VALUES ('1638', '2016-03-19', '0');
INSERT INTO `dates` VALUES ('1639', '2016-03-20', '0');
INSERT INTO `dates` VALUES ('1640', '2016-03-21', '1');
INSERT INTO `dates` VALUES ('1641', '2016-03-22', '1');
INSERT INTO `dates` VALUES ('1642', '2016-03-23', '1');
INSERT INTO `dates` VALUES ('1643', '2016-03-24', '1');
INSERT INTO `dates` VALUES ('1644', '2016-03-25', '1');
INSERT INTO `dates` VALUES ('1645', '2016-03-26', '0');
INSERT INTO `dates` VALUES ('1646', '2016-03-27', '0');
INSERT INTO `dates` VALUES ('1647', '2016-03-28', '1');
INSERT INTO `dates` VALUES ('1648', '2016-03-29', '1');
INSERT INTO `dates` VALUES ('1649', '2016-03-30', '1');
INSERT INTO `dates` VALUES ('1650', '2016-03-31', '1');
INSERT INTO `dates` VALUES ('1651', '2016-04-01', '1');
INSERT INTO `dates` VALUES ('1652', '2016-04-02', '0');
INSERT INTO `dates` VALUES ('1653', '2016-04-03', '0');
INSERT INTO `dates` VALUES ('1654', '2016-04-04', '1');
INSERT INTO `dates` VALUES ('1655', '2016-04-05', '1');
INSERT INTO `dates` VALUES ('1656', '2016-04-06', '1');
INSERT INTO `dates` VALUES ('1657', '2016-04-07', '1');
INSERT INTO `dates` VALUES ('1658', '2016-04-08', '1');
INSERT INTO `dates` VALUES ('1659', '2016-04-09', '0');
INSERT INTO `dates` VALUES ('1660', '2016-04-10', '0');
INSERT INTO `dates` VALUES ('1661', '2016-04-11', '1');
INSERT INTO `dates` VALUES ('1662', '2016-04-12', '1');
INSERT INTO `dates` VALUES ('1663', '2016-04-13', '1');
INSERT INTO `dates` VALUES ('1664', '2016-04-14', '1');
INSERT INTO `dates` VALUES ('1665', '2016-04-15', '1');
INSERT INTO `dates` VALUES ('1666', '2016-04-16', '0');
INSERT INTO `dates` VALUES ('1667', '2016-04-17', '0');
INSERT INTO `dates` VALUES ('1668', '2016-04-18', '1');
INSERT INTO `dates` VALUES ('1669', '2016-04-19', '1');
INSERT INTO `dates` VALUES ('1670', '2016-04-20', '1');
INSERT INTO `dates` VALUES ('1671', '2016-04-21', '1');
INSERT INTO `dates` VALUES ('1672', '2016-04-22', '1');
INSERT INTO `dates` VALUES ('1673', '2016-04-23', '0');
INSERT INTO `dates` VALUES ('1674', '2016-04-24', '0');
INSERT INTO `dates` VALUES ('1675', '2016-04-25', '1');
INSERT INTO `dates` VALUES ('1676', '2016-04-26', '1');
INSERT INTO `dates` VALUES ('1677', '2016-04-27', '1');
INSERT INTO `dates` VALUES ('1678', '2016-04-28', '1');
INSERT INTO `dates` VALUES ('1679', '2016-04-29', '1');
INSERT INTO `dates` VALUES ('1680', '2016-04-30', '0');
INSERT INTO `dates` VALUES ('1681', '2016-05-01', '0');
INSERT INTO `dates` VALUES ('1682', '2016-05-02', '1');
INSERT INTO `dates` VALUES ('1683', '2016-05-03', '1');
INSERT INTO `dates` VALUES ('1684', '2016-05-04', '1');
INSERT INTO `dates` VALUES ('1685', '2016-05-05', '1');
INSERT INTO `dates` VALUES ('1686', '2016-05-06', '1');
INSERT INTO `dates` VALUES ('1687', '2016-05-07', '0');
INSERT INTO `dates` VALUES ('1688', '2016-05-08', '0');
INSERT INTO `dates` VALUES ('1689', '2016-05-09', '1');
INSERT INTO `dates` VALUES ('1690', '2016-05-10', '1');
INSERT INTO `dates` VALUES ('1691', '2016-05-11', '1');
INSERT INTO `dates` VALUES ('1692', '2016-05-12', '1');
INSERT INTO `dates` VALUES ('1693', '2016-05-13', '1');
INSERT INTO `dates` VALUES ('1694', '2016-05-14', '0');
INSERT INTO `dates` VALUES ('1695', '2016-05-15', '0');
INSERT INTO `dates` VALUES ('1696', '2016-05-16', '1');
INSERT INTO `dates` VALUES ('1697', '2016-05-17', '1');
INSERT INTO `dates` VALUES ('1698', '2016-05-18', '1');
INSERT INTO `dates` VALUES ('1699', '2016-05-19', '1');
INSERT INTO `dates` VALUES ('1700', '2016-05-20', '1');
INSERT INTO `dates` VALUES ('1701', '2016-05-21', '0');
INSERT INTO `dates` VALUES ('1702', '2016-05-22', '0');
INSERT INTO `dates` VALUES ('1703', '2016-05-23', '1');
INSERT INTO `dates` VALUES ('1704', '2016-05-24', '1');
INSERT INTO `dates` VALUES ('1705', '2016-05-25', '1');
INSERT INTO `dates` VALUES ('1706', '2016-05-26', '1');
INSERT INTO `dates` VALUES ('1707', '2016-05-27', '1');
INSERT INTO `dates` VALUES ('1708', '2016-05-28', '0');
INSERT INTO `dates` VALUES ('1709', '2016-05-29', '0');
INSERT INTO `dates` VALUES ('1710', '2016-05-30', '1');
INSERT INTO `dates` VALUES ('1711', '2016-05-31', '1');
INSERT INTO `dates` VALUES ('1712', '2016-06-01', '1');
INSERT INTO `dates` VALUES ('1713', '2016-06-02', '1');
INSERT INTO `dates` VALUES ('1714', '2016-06-03', '1');
INSERT INTO `dates` VALUES ('1715', '2016-06-04', '0');
INSERT INTO `dates` VALUES ('1716', '2016-06-05', '0');
INSERT INTO `dates` VALUES ('1717', '2016-06-06', '1');
INSERT INTO `dates` VALUES ('1718', '2016-06-07', '1');
INSERT INTO `dates` VALUES ('1719', '2016-06-08', '1');
INSERT INTO `dates` VALUES ('1720', '2016-06-09', '1');
INSERT INTO `dates` VALUES ('1721', '2016-06-10', '1');
INSERT INTO `dates` VALUES ('1722', '2016-06-11', '0');
INSERT INTO `dates` VALUES ('1723', '2016-06-12', '0');
INSERT INTO `dates` VALUES ('1724', '2016-06-13', '0');
INSERT INTO `dates` VALUES ('1725', '2016-06-14', '1');
INSERT INTO `dates` VALUES ('1726', '2016-06-15', '1');
INSERT INTO `dates` VALUES ('1727', '2016-06-16', '1');
INSERT INTO `dates` VALUES ('1728', '2016-06-17', '1');
INSERT INTO `dates` VALUES ('1729', '2016-06-18', '0');
INSERT INTO `dates` VALUES ('1730', '2016-06-19', '0');
INSERT INTO `dates` VALUES ('1731', '2016-06-20', '1');
INSERT INTO `dates` VALUES ('1732', '2016-06-21', '1');
INSERT INTO `dates` VALUES ('1733', '2016-06-22', '1');
INSERT INTO `dates` VALUES ('1734', '2016-06-23', '1');
INSERT INTO `dates` VALUES ('1735', '2016-06-24', '1');
INSERT INTO `dates` VALUES ('1736', '2016-06-25', '0');
INSERT INTO `dates` VALUES ('1737', '2016-06-26', '0');
INSERT INTO `dates` VALUES ('1738', '2016-06-27', '1');
INSERT INTO `dates` VALUES ('1739', '2016-06-28', '1');
INSERT INTO `dates` VALUES ('1740', '2016-06-29', '1');
INSERT INTO `dates` VALUES ('1741', '2016-06-30', '1');
INSERT INTO `dates` VALUES ('1742', '2016-07-01', '1');
INSERT INTO `dates` VALUES ('1743', '2016-07-02', '0');
INSERT INTO `dates` VALUES ('1744', '2016-07-03', '0');
INSERT INTO `dates` VALUES ('1745', '2016-07-04', '1');
INSERT INTO `dates` VALUES ('1746', '2016-07-05', '1');
INSERT INTO `dates` VALUES ('1747', '2016-07-06', '1');
INSERT INTO `dates` VALUES ('1748', '2016-07-07', '1');
INSERT INTO `dates` VALUES ('1749', '2016-07-08', '1');
INSERT INTO `dates` VALUES ('1750', '2016-07-09', '0');
INSERT INTO `dates` VALUES ('1751', '2016-07-10', '0');
INSERT INTO `dates` VALUES ('1752', '2016-07-11', '1');
INSERT INTO `dates` VALUES ('1753', '2016-07-12', '1');
INSERT INTO `dates` VALUES ('1754', '2016-07-13', '1');
INSERT INTO `dates` VALUES ('1755', '2016-07-14', '1');
INSERT INTO `dates` VALUES ('1756', '2016-07-15', '1');
INSERT INTO `dates` VALUES ('1757', '2016-07-16', '0');
INSERT INTO `dates` VALUES ('1758', '2016-07-17', '0');
INSERT INTO `dates` VALUES ('1759', '2016-07-18', '1');
INSERT INTO `dates` VALUES ('1760', '2016-07-19', '1');
INSERT INTO `dates` VALUES ('1761', '2016-07-20', '1');
INSERT INTO `dates` VALUES ('1762', '2016-07-21', '1');
INSERT INTO `dates` VALUES ('1763', '2016-07-22', '1');
INSERT INTO `dates` VALUES ('1764', '2016-07-23', '0');
INSERT INTO `dates` VALUES ('1765', '2016-07-24', '0');
INSERT INTO `dates` VALUES ('1766', '2016-07-25', '1');
INSERT INTO `dates` VALUES ('1767', '2016-07-26', '1');
INSERT INTO `dates` VALUES ('1768', '2016-07-27', '1');
INSERT INTO `dates` VALUES ('1769', '2016-07-28', '1');
INSERT INTO `dates` VALUES ('1770', '2016-07-29', '1');
INSERT INTO `dates` VALUES ('1771', '2016-07-30', '0');
INSERT INTO `dates` VALUES ('1772', '2016-07-31', '0');
INSERT INTO `dates` VALUES ('1773', '2016-08-01', '1');
INSERT INTO `dates` VALUES ('1774', '2016-08-02', '1');
INSERT INTO `dates` VALUES ('1775', '2016-08-03', '1');
INSERT INTO `dates` VALUES ('1776', '2016-08-04', '1');
INSERT INTO `dates` VALUES ('1777', '2016-08-05', '1');
INSERT INTO `dates` VALUES ('1778', '2016-08-06', '0');
INSERT INTO `dates` VALUES ('1779', '2016-08-07', '0');
INSERT INTO `dates` VALUES ('1780', '2016-08-08', '1');
INSERT INTO `dates` VALUES ('1781', '2016-08-09', '1');
INSERT INTO `dates` VALUES ('1782', '2016-08-10', '1');
INSERT INTO `dates` VALUES ('1783', '2016-08-11', '1');
INSERT INTO `dates` VALUES ('1784', '2016-08-12', '1');
INSERT INTO `dates` VALUES ('1785', '2016-08-13', '0');
INSERT INTO `dates` VALUES ('1786', '2016-08-14', '0');
INSERT INTO `dates` VALUES ('1787', '2016-08-15', '1');
INSERT INTO `dates` VALUES ('1788', '2016-08-16', '1');
INSERT INTO `dates` VALUES ('1789', '2016-08-17', '1');
INSERT INTO `dates` VALUES ('1790', '2016-08-18', '1');
INSERT INTO `dates` VALUES ('1791', '2016-08-19', '1');
INSERT INTO `dates` VALUES ('1792', '2016-08-20', '0');
INSERT INTO `dates` VALUES ('1793', '2016-08-21', '0');
INSERT INTO `dates` VALUES ('1794', '2016-08-22', '1');
INSERT INTO `dates` VALUES ('1795', '2016-08-23', '1');
INSERT INTO `dates` VALUES ('1796', '2016-08-24', '1');
INSERT INTO `dates` VALUES ('1797', '2016-08-25', '1');
INSERT INTO `dates` VALUES ('1798', '2016-08-26', '1');
INSERT INTO `dates` VALUES ('1799', '2016-08-27', '0');
INSERT INTO `dates` VALUES ('1800', '2016-08-28', '0');
INSERT INTO `dates` VALUES ('1801', '2016-08-29', '1');
INSERT INTO `dates` VALUES ('1802', '2016-08-30', '1');
INSERT INTO `dates` VALUES ('1803', '2016-08-31', '1');
INSERT INTO `dates` VALUES ('1804', '2016-09-01', '1');
INSERT INTO `dates` VALUES ('1805', '2016-09-02', '1');
INSERT INTO `dates` VALUES ('1806', '2016-09-03', '0');
INSERT INTO `dates` VALUES ('1807', '2016-09-04', '0');
INSERT INTO `dates` VALUES ('1808', '2016-09-05', '1');
INSERT INTO `dates` VALUES ('1809', '2016-09-06', '1');
INSERT INTO `dates` VALUES ('1810', '2016-09-07', '1');
INSERT INTO `dates` VALUES ('1811', '2016-09-08', '1');
INSERT INTO `dates` VALUES ('1812', '2016-09-09', '1');
INSERT INTO `dates` VALUES ('1813', '2016-09-10', '0');
INSERT INTO `dates` VALUES ('1814', '2016-09-11', '0');
INSERT INTO `dates` VALUES ('1815', '2016-09-12', '1');
INSERT INTO `dates` VALUES ('1816', '2016-09-13', '1');
INSERT INTO `dates` VALUES ('1817', '2016-09-14', '1');
INSERT INTO `dates` VALUES ('1818', '2016-09-15', '1');
INSERT INTO `dates` VALUES ('1819', '2016-09-16', '1');
INSERT INTO `dates` VALUES ('1820', '2016-09-17', '0');
INSERT INTO `dates` VALUES ('1821', '2016-09-18', '0');
INSERT INTO `dates` VALUES ('1822', '2016-09-19', '1');
INSERT INTO `dates` VALUES ('1823', '2016-09-20', '1');
INSERT INTO `dates` VALUES ('1824', '2016-09-21', '1');
INSERT INTO `dates` VALUES ('1825', '2016-09-22', '1');
INSERT INTO `dates` VALUES ('1826', '2016-09-23', '1');
INSERT INTO `dates` VALUES ('1827', '2016-09-24', '0');
INSERT INTO `dates` VALUES ('1828', '2016-09-25', '0');
INSERT INTO `dates` VALUES ('1829', '2016-09-26', '1');
INSERT INTO `dates` VALUES ('1830', '2016-09-27', '1');
INSERT INTO `dates` VALUES ('1831', '2016-09-28', '1');
INSERT INTO `dates` VALUES ('1832', '2016-09-29', '1');
INSERT INTO `dates` VALUES ('1833', '2016-09-30', '1');
INSERT INTO `dates` VALUES ('1834', '2016-10-01', '0');
INSERT INTO `dates` VALUES ('1835', '2016-10-02', '0');
INSERT INTO `dates` VALUES ('1836', '2016-10-03', '1');
INSERT INTO `dates` VALUES ('1837', '2016-10-04', '1');
INSERT INTO `dates` VALUES ('1838', '2016-10-05', '1');
INSERT INTO `dates` VALUES ('1839', '2016-10-06', '1');
INSERT INTO `dates` VALUES ('1840', '2016-10-07', '1');
INSERT INTO `dates` VALUES ('1841', '2016-10-08', '0');
INSERT INTO `dates` VALUES ('1842', '2016-10-09', '0');
INSERT INTO `dates` VALUES ('1843', '2016-10-10', '1');
INSERT INTO `dates` VALUES ('1844', '2016-10-11', '1');
INSERT INTO `dates` VALUES ('1845', '2016-10-12', '1');
INSERT INTO `dates` VALUES ('1846', '2016-10-13', '1');
INSERT INTO `dates` VALUES ('1847', '2016-10-14', '1');
INSERT INTO `dates` VALUES ('1848', '2016-10-15', '0');
INSERT INTO `dates` VALUES ('1849', '2016-10-16', '0');
INSERT INTO `dates` VALUES ('1850', '2016-10-17', '1');
INSERT INTO `dates` VALUES ('1851', '2016-10-18', '1');
INSERT INTO `dates` VALUES ('1852', '2016-10-19', '1');
INSERT INTO `dates` VALUES ('1853', '2016-10-20', '1');
INSERT INTO `dates` VALUES ('1854', '2016-10-21', '1');
INSERT INTO `dates` VALUES ('1855', '2016-10-22', '0');
INSERT INTO `dates` VALUES ('1856', '2016-10-23', '0');
INSERT INTO `dates` VALUES ('1857', '2016-10-24', '1');
INSERT INTO `dates` VALUES ('1858', '2016-10-25', '1');
INSERT INTO `dates` VALUES ('1859', '2016-10-26', '1');
INSERT INTO `dates` VALUES ('1860', '2016-10-27', '1');
INSERT INTO `dates` VALUES ('1861', '2016-10-28', '1');
INSERT INTO `dates` VALUES ('1862', '2016-10-29', '0');
INSERT INTO `dates` VALUES ('1863', '2016-10-30', '0');
INSERT INTO `dates` VALUES ('1864', '2016-10-31', '1');
INSERT INTO `dates` VALUES ('1865', '2016-11-01', '1');
INSERT INTO `dates` VALUES ('1866', '2016-11-02', '1');
INSERT INTO `dates` VALUES ('1867', '2016-11-03', '1');
INSERT INTO `dates` VALUES ('1868', '2016-11-04', '1');
INSERT INTO `dates` VALUES ('1869', '2016-11-05', '0');
INSERT INTO `dates` VALUES ('1870', '2016-11-06', '0');
INSERT INTO `dates` VALUES ('1871', '2016-11-07', '1');
INSERT INTO `dates` VALUES ('1872', '2016-11-08', '1');
INSERT INTO `dates` VALUES ('1873', '2016-11-09', '1');
INSERT INTO `dates` VALUES ('1874', '2016-11-10', '1');
INSERT INTO `dates` VALUES ('1875', '2016-11-11', '1');
INSERT INTO `dates` VALUES ('1876', '2016-11-12', '0');
INSERT INTO `dates` VALUES ('1877', '2016-11-13', '0');
INSERT INTO `dates` VALUES ('1878', '2016-11-14', '1');
INSERT INTO `dates` VALUES ('1879', '2016-11-15', '1');
INSERT INTO `dates` VALUES ('1880', '2016-11-16', '1');
INSERT INTO `dates` VALUES ('1881', '2016-11-17', '1');
INSERT INTO `dates` VALUES ('1882', '2016-11-18', '1');
INSERT INTO `dates` VALUES ('1883', '2016-11-19', '0');
INSERT INTO `dates` VALUES ('1884', '2016-11-20', '0');
INSERT INTO `dates` VALUES ('1885', '2016-11-21', '1');
INSERT INTO `dates` VALUES ('1886', '2016-11-22', '1');
INSERT INTO `dates` VALUES ('1887', '2016-11-23', '1');
INSERT INTO `dates` VALUES ('1888', '2016-11-24', '1');
INSERT INTO `dates` VALUES ('1889', '2016-11-25', '1');
INSERT INTO `dates` VALUES ('1890', '2016-11-26', '0');
INSERT INTO `dates` VALUES ('1891', '2016-11-27', '0');
INSERT INTO `dates` VALUES ('1892', '2016-11-28', '1');
INSERT INTO `dates` VALUES ('1893', '2016-11-29', '1');
INSERT INTO `dates` VALUES ('1894', '2016-11-30', '1');
INSERT INTO `dates` VALUES ('1895', '2016-12-01', '1');
INSERT INTO `dates` VALUES ('1896', '2016-12-02', '1');
INSERT INTO `dates` VALUES ('1897', '2016-12-03', '0');
INSERT INTO `dates` VALUES ('1898', '2016-12-04', '0');
INSERT INTO `dates` VALUES ('1899', '2016-12-05', '1');
INSERT INTO `dates` VALUES ('1900', '2016-12-06', '1');
INSERT INTO `dates` VALUES ('1901', '2016-12-07', '1');
INSERT INTO `dates` VALUES ('1902', '2016-12-08', '1');
INSERT INTO `dates` VALUES ('1903', '2016-12-09', '1');
INSERT INTO `dates` VALUES ('1904', '2016-12-10', '0');
INSERT INTO `dates` VALUES ('1905', '2016-12-11', '0');
INSERT INTO `dates` VALUES ('1906', '2016-12-12', '1');
INSERT INTO `dates` VALUES ('1907', '2016-12-13', '1');
INSERT INTO `dates` VALUES ('1908', '2016-12-14', '1');
INSERT INTO `dates` VALUES ('1909', '2016-12-15', '1');
INSERT INTO `dates` VALUES ('1910', '2016-12-16', '1');
INSERT INTO `dates` VALUES ('1911', '2016-12-17', '0');
INSERT INTO `dates` VALUES ('1912', '2016-12-18', '0');
INSERT INTO `dates` VALUES ('1913', '2016-12-19', '1');
INSERT INTO `dates` VALUES ('1914', '2016-12-20', '1');
INSERT INTO `dates` VALUES ('1915', '2016-12-21', '1');
INSERT INTO `dates` VALUES ('1916', '2016-12-22', '1');
INSERT INTO `dates` VALUES ('1917', '2016-12-23', '1');
INSERT INTO `dates` VALUES ('1918', '2016-12-24', '0');
INSERT INTO `dates` VALUES ('1919', '2016-12-25', '0');
INSERT INTO `dates` VALUES ('1920', '2016-12-26', '1');
INSERT INTO `dates` VALUES ('1921', '2016-12-27', '1');
INSERT INTO `dates` VALUES ('1922', '2016-12-28', '1');
INSERT INTO `dates` VALUES ('1923', '2016-12-29', '1');
INSERT INTO `dates` VALUES ('1924', '2016-12-30', '1');
INSERT INTO `dates` VALUES ('1925', '2016-12-31', '0');
INSERT INTO `dates` VALUES ('1926', '2017-01-01', '0');
INSERT INTO `dates` VALUES ('1927', '2017-01-02', '1');
INSERT INTO `dates` VALUES ('1928', '2017-01-03', '1');
INSERT INTO `dates` VALUES ('1929', '2017-01-04', '1');
INSERT INTO `dates` VALUES ('1930', '2017-01-05', '1');
INSERT INTO `dates` VALUES ('1931', '2017-01-06', '1');
INSERT INTO `dates` VALUES ('1932', '2017-01-07', '0');
INSERT INTO `dates` VALUES ('1933', '2017-01-08', '0');
INSERT INTO `dates` VALUES ('1934', '2017-01-09', '1');
INSERT INTO `dates` VALUES ('1935', '2017-01-10', '1');
INSERT INTO `dates` VALUES ('1936', '2017-01-11', '1');
INSERT INTO `dates` VALUES ('1937', '2017-01-12', '1');
INSERT INTO `dates` VALUES ('1938', '2017-01-13', '1');
INSERT INTO `dates` VALUES ('1939', '2017-01-14', '0');
INSERT INTO `dates` VALUES ('1940', '2017-01-15', '0');
INSERT INTO `dates` VALUES ('1941', '2017-01-16', '1');
INSERT INTO `dates` VALUES ('1942', '2017-01-17', '1');
INSERT INTO `dates` VALUES ('1943', '2017-01-18', '1');
INSERT INTO `dates` VALUES ('1944', '2017-01-19', '1');
INSERT INTO `dates` VALUES ('1945', '2017-01-20', '1');
INSERT INTO `dates` VALUES ('1946', '2017-01-21', '0');
INSERT INTO `dates` VALUES ('1947', '2017-01-22', '0');
INSERT INTO `dates` VALUES ('1948', '2017-01-23', '1');
INSERT INTO `dates` VALUES ('1949', '2017-01-24', '1');
INSERT INTO `dates` VALUES ('1950', '2017-01-25', '1');
INSERT INTO `dates` VALUES ('1951', '2017-01-26', '1');
INSERT INTO `dates` VALUES ('1952', '2017-01-27', '1');
INSERT INTO `dates` VALUES ('1953', '2017-01-28', '0');
INSERT INTO `dates` VALUES ('1954', '2017-01-29', '0');
INSERT INTO `dates` VALUES ('1955', '2017-01-30', '1');
INSERT INTO `dates` VALUES ('1956', '2017-01-31', '1');
INSERT INTO `dates` VALUES ('1957', '2017-02-01', '1');
INSERT INTO `dates` VALUES ('1958', '2017-02-02', '1');
INSERT INTO `dates` VALUES ('1959', '2017-02-03', '1');
INSERT INTO `dates` VALUES ('1960', '2017-02-04', '0');
INSERT INTO `dates` VALUES ('1961', '2017-02-05', '0');
INSERT INTO `dates` VALUES ('1962', '2017-02-06', '1');
INSERT INTO `dates` VALUES ('1963', '2017-02-07', '1');
INSERT INTO `dates` VALUES ('1964', '2017-02-08', '1');
INSERT INTO `dates` VALUES ('1965', '2017-02-09', '1');
INSERT INTO `dates` VALUES ('1966', '2017-02-10', '1');
INSERT INTO `dates` VALUES ('1967', '2017-02-11', '0');
INSERT INTO `dates` VALUES ('1968', '2017-02-12', '0');
INSERT INTO `dates` VALUES ('1969', '2017-02-13', '1');
INSERT INTO `dates` VALUES ('1970', '2017-02-14', '1');
INSERT INTO `dates` VALUES ('1971', '2017-02-15', '1');
INSERT INTO `dates` VALUES ('1972', '2017-02-16', '1');
INSERT INTO `dates` VALUES ('1973', '2017-02-17', '1');
INSERT INTO `dates` VALUES ('1974', '2017-02-18', '0');
INSERT INTO `dates` VALUES ('1975', '2017-02-19', '0');
INSERT INTO `dates` VALUES ('1976', '2017-02-20', '1');
INSERT INTO `dates` VALUES ('1977', '2017-02-21', '1');
INSERT INTO `dates` VALUES ('1978', '2017-02-22', '1');
INSERT INTO `dates` VALUES ('1979', '2017-02-23', '1');
INSERT INTO `dates` VALUES ('1980', '2017-02-24', '1');
INSERT INTO `dates` VALUES ('1981', '2017-02-25', '0');
INSERT INTO `dates` VALUES ('1982', '2017-02-26', '0');
INSERT INTO `dates` VALUES ('1983', '2017-02-27', '1');
INSERT INTO `dates` VALUES ('1984', '2017-02-28', '1');
INSERT INTO `dates` VALUES ('1985', '2017-03-01', '1');
INSERT INTO `dates` VALUES ('1986', '2017-03-02', '1');
INSERT INTO `dates` VALUES ('1987', '2017-03-03', '1');
INSERT INTO `dates` VALUES ('1988', '2017-03-04', '0');
INSERT INTO `dates` VALUES ('1989', '2017-03-05', '0');
INSERT INTO `dates` VALUES ('1990', '2017-03-06', '1');
INSERT INTO `dates` VALUES ('1991', '2017-03-07', '1');
INSERT INTO `dates` VALUES ('1992', '2017-03-08', '1');
INSERT INTO `dates` VALUES ('1993', '2017-03-09', '1');
INSERT INTO `dates` VALUES ('1994', '2017-03-10', '1');
INSERT INTO `dates` VALUES ('1995', '2017-03-11', '0');
INSERT INTO `dates` VALUES ('1996', '2017-03-12', '0');
INSERT INTO `dates` VALUES ('1997', '2017-03-13', '1');
INSERT INTO `dates` VALUES ('1998', '2017-03-14', '1');
INSERT INTO `dates` VALUES ('1999', '2017-03-15', '1');
INSERT INTO `dates` VALUES ('2000', '2017-03-16', '1');
INSERT INTO `dates` VALUES ('2001', '2017-03-17', '1');
INSERT INTO `dates` VALUES ('2002', '2017-03-18', '0');
INSERT INTO `dates` VALUES ('2003', '2017-03-19', '0');
INSERT INTO `dates` VALUES ('2004', '2017-03-20', '1');
INSERT INTO `dates` VALUES ('2005', '2017-03-21', '1');
INSERT INTO `dates` VALUES ('2006', '2017-03-22', '1');
INSERT INTO `dates` VALUES ('2007', '2017-03-23', '1');
INSERT INTO `dates` VALUES ('2008', '2017-03-24', '1');
INSERT INTO `dates` VALUES ('2009', '2017-03-25', '0');
INSERT INTO `dates` VALUES ('2010', '2017-03-26', '0');
INSERT INTO `dates` VALUES ('2011', '2017-03-27', '1');
INSERT INTO `dates` VALUES ('2012', '2017-03-28', '1');
INSERT INTO `dates` VALUES ('2013', '2017-03-29', '1');
INSERT INTO `dates` VALUES ('2014', '2017-03-30', '1');
INSERT INTO `dates` VALUES ('2015', '2017-03-31', '1');
INSERT INTO `dates` VALUES ('2016', '2017-04-01', '0');
INSERT INTO `dates` VALUES ('2017', '2017-04-02', '0');
INSERT INTO `dates` VALUES ('2018', '2017-04-03', '1');
INSERT INTO `dates` VALUES ('2019', '2017-04-04', '1');
INSERT INTO `dates` VALUES ('2020', '2017-04-05', '1');
INSERT INTO `dates` VALUES ('2021', '2017-04-06', '1');
INSERT INTO `dates` VALUES ('2022', '2017-04-07', '1');
INSERT INTO `dates` VALUES ('2023', '2017-04-08', '0');
INSERT INTO `dates` VALUES ('2024', '2017-04-09', '0');
INSERT INTO `dates` VALUES ('2025', '2017-04-10', '1');
INSERT INTO `dates` VALUES ('2026', '2017-04-11', '1');
INSERT INTO `dates` VALUES ('2027', '2017-04-12', '1');
INSERT INTO `dates` VALUES ('2028', '2017-04-13', '1');
INSERT INTO `dates` VALUES ('2029', '2017-04-14', '1');
INSERT INTO `dates` VALUES ('2030', '2017-04-15', '0');
INSERT INTO `dates` VALUES ('2031', '2017-04-16', '0');
INSERT INTO `dates` VALUES ('2032', '2017-04-17', '1');
INSERT INTO `dates` VALUES ('2033', '2017-04-18', '1');
INSERT INTO `dates` VALUES ('2034', '2017-04-19', '1');
INSERT INTO `dates` VALUES ('2035', '2017-04-20', '1');
INSERT INTO `dates` VALUES ('2036', '2017-04-21', '1');
INSERT INTO `dates` VALUES ('2037', '2017-04-22', '0');
INSERT INTO `dates` VALUES ('2038', '2017-04-23', '0');
INSERT INTO `dates` VALUES ('2039', '2017-04-24', '1');
INSERT INTO `dates` VALUES ('2040', '2017-04-25', '1');
INSERT INTO `dates` VALUES ('2041', '2017-04-26', '1');
INSERT INTO `dates` VALUES ('2042', '2017-04-27', '1');
INSERT INTO `dates` VALUES ('2043', '2017-04-28', '1');
INSERT INTO `dates` VALUES ('2044', '2017-04-29', '0');
INSERT INTO `dates` VALUES ('2045', '2017-04-30', '0');
INSERT INTO `dates` VALUES ('2046', '2017-05-01', '1');
INSERT INTO `dates` VALUES ('2047', '2017-05-02', '1');
INSERT INTO `dates` VALUES ('2048', '2017-05-03', '1');
INSERT INTO `dates` VALUES ('2049', '2017-05-04', '1');
INSERT INTO `dates` VALUES ('2050', '2017-05-05', '1');
INSERT INTO `dates` VALUES ('2051', '2017-05-06', '0');
INSERT INTO `dates` VALUES ('2052', '2017-05-07', '0');
INSERT INTO `dates` VALUES ('2053', '2017-05-08', '1');
INSERT INTO `dates` VALUES ('2054', '2017-05-09', '1');
INSERT INTO `dates` VALUES ('2055', '2017-05-10', '1');
INSERT INTO `dates` VALUES ('2056', '2017-05-11', '1');
INSERT INTO `dates` VALUES ('2057', '2017-05-12', '1');
INSERT INTO `dates` VALUES ('2058', '2017-05-13', '0');
INSERT INTO `dates` VALUES ('2059', '2017-05-14', '0');
INSERT INTO `dates` VALUES ('2060', '2017-05-15', '1');
INSERT INTO `dates` VALUES ('2061', '2017-05-16', '1');
INSERT INTO `dates` VALUES ('2062', '2017-05-17', '1');
INSERT INTO `dates` VALUES ('2063', '2017-05-18', '1');
INSERT INTO `dates` VALUES ('2064', '2017-05-19', '1');
INSERT INTO `dates` VALUES ('2065', '2017-05-20', '0');
INSERT INTO `dates` VALUES ('2066', '2017-05-21', '0');
INSERT INTO `dates` VALUES ('2067', '2017-05-22', '1');
INSERT INTO `dates` VALUES ('2068', '2017-05-23', '1');
INSERT INTO `dates` VALUES ('2069', '2017-05-24', '1');
INSERT INTO `dates` VALUES ('2070', '2017-05-25', '1');
INSERT INTO `dates` VALUES ('2071', '2017-05-26', '1');
INSERT INTO `dates` VALUES ('2072', '2017-05-27', '0');
INSERT INTO `dates` VALUES ('2073', '2017-05-28', '0');
INSERT INTO `dates` VALUES ('2074', '2017-05-29', '1');
INSERT INTO `dates` VALUES ('2075', '2017-05-30', '1');
INSERT INTO `dates` VALUES ('2076', '2017-05-31', '1');
INSERT INTO `dates` VALUES ('2077', '2017-06-01', '1');
INSERT INTO `dates` VALUES ('2078', '2017-06-02', '1');
INSERT INTO `dates` VALUES ('2079', '2017-06-03', '0');
INSERT INTO `dates` VALUES ('2080', '2017-06-04', '0');
INSERT INTO `dates` VALUES ('2081', '2017-06-05', '1');
INSERT INTO `dates` VALUES ('2082', '2017-06-06', '1');
INSERT INTO `dates` VALUES ('2083', '2017-06-07', '1');
INSERT INTO `dates` VALUES ('2084', '2017-06-08', '1');
INSERT INTO `dates` VALUES ('2085', '2017-06-09', '1');
INSERT INTO `dates` VALUES ('2086', '2017-06-10', '0');
INSERT INTO `dates` VALUES ('2087', '2017-06-11', '0');
INSERT INTO `dates` VALUES ('2088', '2017-06-12', '1');
INSERT INTO `dates` VALUES ('2089', '2017-06-13', '1');
INSERT INTO `dates` VALUES ('2090', '2017-06-14', '1');
INSERT INTO `dates` VALUES ('2091', '2017-06-15', '1');
INSERT INTO `dates` VALUES ('2092', '2017-06-16', '1');
INSERT INTO `dates` VALUES ('2093', '2017-06-17', '0');
INSERT INTO `dates` VALUES ('2094', '2017-06-18', '0');
INSERT INTO `dates` VALUES ('2095', '2017-06-19', '1');
INSERT INTO `dates` VALUES ('2096', '2017-06-20', '1');
INSERT INTO `dates` VALUES ('2097', '2017-06-21', '1');
INSERT INTO `dates` VALUES ('2098', '2017-06-22', '1');
INSERT INTO `dates` VALUES ('2099', '2017-06-23', '1');
INSERT INTO `dates` VALUES ('2100', '2017-06-24', '0');
INSERT INTO `dates` VALUES ('2101', '2017-06-25', '0');
INSERT INTO `dates` VALUES ('2102', '2017-06-26', '1');
INSERT INTO `dates` VALUES ('2103', '2017-06-27', '1');
INSERT INTO `dates` VALUES ('2104', '2017-06-28', '1');
INSERT INTO `dates` VALUES ('2105', '2017-06-29', '1');
INSERT INTO `dates` VALUES ('2106', '2017-06-30', '1');
INSERT INTO `dates` VALUES ('2107', '2017-07-01', '0');
INSERT INTO `dates` VALUES ('2108', '2017-07-02', '0');
INSERT INTO `dates` VALUES ('2109', '2017-07-03', '1');
INSERT INTO `dates` VALUES ('2110', '2017-07-04', '1');
INSERT INTO `dates` VALUES ('2111', '2017-07-05', '1');
INSERT INTO `dates` VALUES ('2112', '2017-07-06', '1');
INSERT INTO `dates` VALUES ('2113', '2017-07-07', '1');
INSERT INTO `dates` VALUES ('2114', '2017-07-08', '0');
INSERT INTO `dates` VALUES ('2115', '2017-07-09', '0');
INSERT INTO `dates` VALUES ('2116', '2017-07-10', '1');
INSERT INTO `dates` VALUES ('2117', '2017-07-11', '1');
INSERT INTO `dates` VALUES ('2118', '2017-07-12', '1');
INSERT INTO `dates` VALUES ('2119', '2017-07-13', '1');
INSERT INTO `dates` VALUES ('2120', '2017-07-14', '1');
INSERT INTO `dates` VALUES ('2121', '2017-07-15', '0');
INSERT INTO `dates` VALUES ('2122', '2017-07-16', '0');
INSERT INTO `dates` VALUES ('2123', '2017-07-17', '1');
INSERT INTO `dates` VALUES ('2124', '2017-07-18', '1');
INSERT INTO `dates` VALUES ('2125', '2017-07-19', '1');
INSERT INTO `dates` VALUES ('2126', '2017-07-20', '1');
INSERT INTO `dates` VALUES ('2127', '2017-07-21', '1');
INSERT INTO `dates` VALUES ('2128', '2017-07-22', '0');
INSERT INTO `dates` VALUES ('2129', '2017-07-23', '0');
INSERT INTO `dates` VALUES ('2130', '2017-07-24', '1');
INSERT INTO `dates` VALUES ('2131', '2017-07-25', '1');
INSERT INTO `dates` VALUES ('2132', '2017-07-26', '1');
INSERT INTO `dates` VALUES ('2133', '2017-07-27', '1');
INSERT INTO `dates` VALUES ('2134', '2017-07-28', '1');
INSERT INTO `dates` VALUES ('2135', '2017-07-29', '0');
INSERT INTO `dates` VALUES ('2136', '2017-07-30', '0');
INSERT INTO `dates` VALUES ('2137', '2017-07-31', '1');
INSERT INTO `dates` VALUES ('2138', '2017-08-01', '1');
INSERT INTO `dates` VALUES ('2139', '2017-08-02', '1');
INSERT INTO `dates` VALUES ('2140', '2017-08-03', '1');
INSERT INTO `dates` VALUES ('2141', '2017-08-04', '1');
INSERT INTO `dates` VALUES ('2142', '2017-08-05', '0');
INSERT INTO `dates` VALUES ('2143', '2017-08-06', '0');
INSERT INTO `dates` VALUES ('2144', '2017-08-07', '1');
INSERT INTO `dates` VALUES ('2145', '2017-08-08', '1');
INSERT INTO `dates` VALUES ('2146', '2017-08-09', '1');
INSERT INTO `dates` VALUES ('2147', '2017-08-10', '1');
INSERT INTO `dates` VALUES ('2148', '2017-08-11', '1');
INSERT INTO `dates` VALUES ('2149', '2017-08-12', '0');
INSERT INTO `dates` VALUES ('2150', '2017-08-13', '0');
INSERT INTO `dates` VALUES ('2151', '2017-08-14', '1');
INSERT INTO `dates` VALUES ('2152', '2017-08-15', '1');
INSERT INTO `dates` VALUES ('2153', '2017-08-16', '1');
INSERT INTO `dates` VALUES ('2154', '2017-08-17', '1');
INSERT INTO `dates` VALUES ('2155', '2017-08-18', '1');
INSERT INTO `dates` VALUES ('2156', '2017-08-19', '0');
INSERT INTO `dates` VALUES ('2157', '2017-08-20', '0');
INSERT INTO `dates` VALUES ('2158', '2017-08-21', '1');
INSERT INTO `dates` VALUES ('2159', '2017-08-22', '1');
INSERT INTO `dates` VALUES ('2160', '2017-08-23', '1');
INSERT INTO `dates` VALUES ('2161', '2017-08-24', '1');
INSERT INTO `dates` VALUES ('2162', '2017-08-25', '1');
INSERT INTO `dates` VALUES ('2163', '2017-08-26', '0');
INSERT INTO `dates` VALUES ('2164', '2017-08-27', '0');
INSERT INTO `dates` VALUES ('2165', '2017-08-28', '1');
INSERT INTO `dates` VALUES ('2166', '2017-08-29', '1');
INSERT INTO `dates` VALUES ('2167', '2017-08-30', '1');
INSERT INTO `dates` VALUES ('2168', '2017-08-31', '1');
INSERT INTO `dates` VALUES ('2169', '2017-09-01', '1');
INSERT INTO `dates` VALUES ('2170', '2017-09-02', '0');
INSERT INTO `dates` VALUES ('2171', '2017-09-03', '0');
INSERT INTO `dates` VALUES ('2172', '2017-09-04', '1');
INSERT INTO `dates` VALUES ('2173', '2017-09-05', '1');
INSERT INTO `dates` VALUES ('2174', '2017-09-06', '1');
INSERT INTO `dates` VALUES ('2175', '2017-09-07', '1');
INSERT INTO `dates` VALUES ('2176', '2017-09-08', '1');
INSERT INTO `dates` VALUES ('2177', '2017-09-09', '0');
INSERT INTO `dates` VALUES ('2178', '2017-09-10', '0');
INSERT INTO `dates` VALUES ('2179', '2017-09-11', '1');
INSERT INTO `dates` VALUES ('2180', '2017-09-12', '1');
INSERT INTO `dates` VALUES ('2181', '2017-09-13', '1');
INSERT INTO `dates` VALUES ('2182', '2017-09-14', '1');
INSERT INTO `dates` VALUES ('2183', '2017-09-15', '1');
INSERT INTO `dates` VALUES ('2184', '2017-09-16', '0');
INSERT INTO `dates` VALUES ('2185', '2017-09-17', '0');
INSERT INTO `dates` VALUES ('2186', '2017-09-18', '1');
INSERT INTO `dates` VALUES ('2187', '2017-09-19', '1');
INSERT INTO `dates` VALUES ('2188', '2017-09-20', '1');
INSERT INTO `dates` VALUES ('2189', '2017-09-21', '1');
INSERT INTO `dates` VALUES ('2190', '2017-09-22', '1');
INSERT INTO `dates` VALUES ('2191', '2017-09-23', '0');
INSERT INTO `dates` VALUES ('2192', '2017-09-24', '0');
INSERT INTO `dates` VALUES ('2193', '2017-09-25', '1');
INSERT INTO `dates` VALUES ('2194', '2017-09-26', '1');
INSERT INTO `dates` VALUES ('2195', '2017-09-27', '1');
INSERT INTO `dates` VALUES ('2196', '2017-09-28', '1');
INSERT INTO `dates` VALUES ('2197', '2017-09-29', '1');
INSERT INTO `dates` VALUES ('2198', '2017-09-30', '0');
INSERT INTO `dates` VALUES ('2199', '2017-10-01', '0');
INSERT INTO `dates` VALUES ('2200', '2017-10-02', '1');
INSERT INTO `dates` VALUES ('2201', '2017-10-03', '1');
INSERT INTO `dates` VALUES ('2202', '2017-10-04', '1');
INSERT INTO `dates` VALUES ('2203', '2017-10-05', '1');
INSERT INTO `dates` VALUES ('2204', '2017-10-06', '1');
INSERT INTO `dates` VALUES ('2205', '2017-10-07', '0');
INSERT INTO `dates` VALUES ('2206', '2017-10-08', '0');
INSERT INTO `dates` VALUES ('2207', '2017-10-09', '1');
INSERT INTO `dates` VALUES ('2208', '2017-10-10', '1');
INSERT INTO `dates` VALUES ('2209', '2017-10-11', '1');
INSERT INTO `dates` VALUES ('2210', '2017-10-12', '1');
INSERT INTO `dates` VALUES ('2211', '2017-10-13', '1');
INSERT INTO `dates` VALUES ('2212', '2017-10-14', '0');
INSERT INTO `dates` VALUES ('2213', '2017-10-15', '0');
INSERT INTO `dates` VALUES ('2214', '2017-10-16', '1');
INSERT INTO `dates` VALUES ('2215', '2017-10-17', '1');
INSERT INTO `dates` VALUES ('2216', '2017-10-18', '1');
INSERT INTO `dates` VALUES ('2217', '2017-10-19', '1');
INSERT INTO `dates` VALUES ('2218', '2017-10-20', '1');
INSERT INTO `dates` VALUES ('2219', '2017-10-21', '0');
INSERT INTO `dates` VALUES ('2220', '2017-10-22', '0');
INSERT INTO `dates` VALUES ('2221', '2017-10-23', '1');
INSERT INTO `dates` VALUES ('2222', '2017-10-24', '1');
INSERT INTO `dates` VALUES ('2223', '2017-10-25', '1');
INSERT INTO `dates` VALUES ('2224', '2017-10-26', '1');
INSERT INTO `dates` VALUES ('2225', '2017-10-27', '1');
INSERT INTO `dates` VALUES ('2226', '2017-10-28', '0');
INSERT INTO `dates` VALUES ('2227', '2017-10-29', '0');
INSERT INTO `dates` VALUES ('2228', '2017-10-30', '1');
INSERT INTO `dates` VALUES ('2229', '2017-10-31', '1');
INSERT INTO `dates` VALUES ('2230', '2017-11-01', '1');
INSERT INTO `dates` VALUES ('2231', '2017-11-02', '1');
INSERT INTO `dates` VALUES ('2232', '2017-11-03', '1');
INSERT INTO `dates` VALUES ('2233', '2017-11-04', '0');
INSERT INTO `dates` VALUES ('2234', '2017-11-05', '0');
INSERT INTO `dates` VALUES ('2235', '2017-11-06', '1');
INSERT INTO `dates` VALUES ('2236', '2017-11-07', '1');
INSERT INTO `dates` VALUES ('2237', '2017-11-08', '1');
INSERT INTO `dates` VALUES ('2238', '2017-11-09', '1');
INSERT INTO `dates` VALUES ('2239', '2017-11-10', '1');
INSERT INTO `dates` VALUES ('2240', '2017-11-11', '0');
INSERT INTO `dates` VALUES ('2241', '2017-11-12', '0');
INSERT INTO `dates` VALUES ('2242', '2017-11-13', '1');
INSERT INTO `dates` VALUES ('2243', '2017-11-14', '1');
INSERT INTO `dates` VALUES ('2244', '2017-11-15', '1');
INSERT INTO `dates` VALUES ('2245', '2017-11-16', '1');
INSERT INTO `dates` VALUES ('2246', '2017-11-17', '1');
INSERT INTO `dates` VALUES ('2247', '2017-11-18', '0');
INSERT INTO `dates` VALUES ('2248', '2017-11-19', '0');
INSERT INTO `dates` VALUES ('2249', '2017-11-20', '1');
INSERT INTO `dates` VALUES ('2250', '2017-11-21', '1');
INSERT INTO `dates` VALUES ('2251', '2017-11-22', '1');
INSERT INTO `dates` VALUES ('2252', '2017-11-23', '1');
INSERT INTO `dates` VALUES ('2253', '2017-11-24', '1');
INSERT INTO `dates` VALUES ('2254', '2017-11-25', '0');
INSERT INTO `dates` VALUES ('2255', '2017-11-26', '0');
INSERT INTO `dates` VALUES ('2256', '2017-11-27', '1');
INSERT INTO `dates` VALUES ('2257', '2017-11-28', '1');
INSERT INTO `dates` VALUES ('2258', '2017-11-29', '1');
INSERT INTO `dates` VALUES ('2259', '2017-11-30', '1');
INSERT INTO `dates` VALUES ('2260', '2017-12-01', '1');
INSERT INTO `dates` VALUES ('2261', '2017-12-02', '0');
INSERT INTO `dates` VALUES ('2262', '2017-12-03', '0');
INSERT INTO `dates` VALUES ('2263', '2017-12-04', '1');
INSERT INTO `dates` VALUES ('2264', '2017-12-05', '1');
INSERT INTO `dates` VALUES ('2265', '2017-12-06', '1');
INSERT INTO `dates` VALUES ('2266', '2017-12-07', '1');
INSERT INTO `dates` VALUES ('2267', '2017-12-08', '1');
INSERT INTO `dates` VALUES ('2268', '2017-12-09', '0');
INSERT INTO `dates` VALUES ('2269', '2017-12-10', '0');
INSERT INTO `dates` VALUES ('2270', '2017-12-11', '1');
INSERT INTO `dates` VALUES ('2271', '2017-12-12', '1');
INSERT INTO `dates` VALUES ('2272', '2017-12-13', '1');
INSERT INTO `dates` VALUES ('2273', '2017-12-14', '1');
INSERT INTO `dates` VALUES ('2274', '2017-12-15', '1');
INSERT INTO `dates` VALUES ('2275', '2017-12-16', '0');
INSERT INTO `dates` VALUES ('2276', '2017-12-17', '0');
INSERT INTO `dates` VALUES ('2277', '2017-12-18', '1');
INSERT INTO `dates` VALUES ('2278', '2017-12-19', '1');
INSERT INTO `dates` VALUES ('2279', '2017-12-20', '1');
INSERT INTO `dates` VALUES ('2280', '2017-12-21', '1');
INSERT INTO `dates` VALUES ('2281', '2017-12-22', '1');
INSERT INTO `dates` VALUES ('2282', '2017-12-23', '0');
INSERT INTO `dates` VALUES ('2283', '2017-12-24', '0');
INSERT INTO `dates` VALUES ('2284', '2017-12-25', '1');
INSERT INTO `dates` VALUES ('2285', '2017-12-26', '1');
INSERT INTO `dates` VALUES ('2286', '2017-12-27', '1');
INSERT INTO `dates` VALUES ('2287', '2017-12-28', '1');
INSERT INTO `dates` VALUES ('2288', '2017-12-29', '1');
INSERT INTO `dates` VALUES ('2289', '2017-12-30', '0');
INSERT INTO `dates` VALUES ('2290', '2017-12-31', '0');
INSERT INTO `dates` VALUES ('2291', '2018-01-01', '1');
INSERT INTO `dates` VALUES ('2292', '2018-01-02', '1');
INSERT INTO `dates` VALUES ('2293', '2018-01-03', '1');
INSERT INTO `dates` VALUES ('2294', '2018-01-04', '1');
INSERT INTO `dates` VALUES ('2295', '2018-01-05', '1');
INSERT INTO `dates` VALUES ('2296', '2018-01-06', '0');
INSERT INTO `dates` VALUES ('2297', '2018-01-07', '0');
INSERT INTO `dates` VALUES ('2298', '2018-01-08', '1');
INSERT INTO `dates` VALUES ('2299', '2018-01-09', '1');
INSERT INTO `dates` VALUES ('2300', '2018-01-10', '1');
INSERT INTO `dates` VALUES ('2301', '2018-01-11', '1');
INSERT INTO `dates` VALUES ('2302', '2018-01-12', '1');
INSERT INTO `dates` VALUES ('2303', '2018-01-13', '0');
INSERT INTO `dates` VALUES ('2304', '2018-01-14', '0');
INSERT INTO `dates` VALUES ('2305', '2018-01-15', '1');
INSERT INTO `dates` VALUES ('2306', '2018-01-16', '1');
INSERT INTO `dates` VALUES ('2307', '2018-01-17', '1');
INSERT INTO `dates` VALUES ('2308', '2018-01-18', '1');
INSERT INTO `dates` VALUES ('2309', '2018-01-19', '1');
INSERT INTO `dates` VALUES ('2310', '2018-01-20', '0');
INSERT INTO `dates` VALUES ('2311', '2018-01-21', '0');
INSERT INTO `dates` VALUES ('2312', '2018-01-22', '1');
INSERT INTO `dates` VALUES ('2313', '2018-01-23', '1');
INSERT INTO `dates` VALUES ('2314', '2018-01-24', '1');
INSERT INTO `dates` VALUES ('2315', '2018-01-25', '1');
INSERT INTO `dates` VALUES ('2316', '2018-01-26', '1');
INSERT INTO `dates` VALUES ('2317', '2018-01-27', '0');
INSERT INTO `dates` VALUES ('2318', '2018-01-28', '0');
INSERT INTO `dates` VALUES ('2319', '2018-01-29', '1');
INSERT INTO `dates` VALUES ('2320', '2018-01-30', '1');
INSERT INTO `dates` VALUES ('2321', '2018-01-31', '1');
INSERT INTO `dates` VALUES ('2322', '2018-02-01', '1');
INSERT INTO `dates` VALUES ('2323', '2018-02-02', '1');
INSERT INTO `dates` VALUES ('2324', '2018-02-03', '0');
INSERT INTO `dates` VALUES ('2325', '2018-02-04', '0');
INSERT INTO `dates` VALUES ('2326', '2018-02-05', '1');
INSERT INTO `dates` VALUES ('2327', '2018-02-06', '1');
INSERT INTO `dates` VALUES ('2328', '2018-02-07', '1');
INSERT INTO `dates` VALUES ('2329', '2018-02-08', '1');
INSERT INTO `dates` VALUES ('2330', '2018-02-09', '1');
INSERT INTO `dates` VALUES ('2331', '2018-02-10', '0');
INSERT INTO `dates` VALUES ('2332', '2018-02-11', '0');
INSERT INTO `dates` VALUES ('2333', '2018-02-12', '1');
INSERT INTO `dates` VALUES ('2334', '2018-02-13', '1');
INSERT INTO `dates` VALUES ('2335', '2018-02-14', '1');
INSERT INTO `dates` VALUES ('2336', '2018-02-15', '1');
INSERT INTO `dates` VALUES ('2337', '2018-02-16', '1');
INSERT INTO `dates` VALUES ('2338', '2018-02-17', '0');
INSERT INTO `dates` VALUES ('2339', '2018-02-18', '0');
INSERT INTO `dates` VALUES ('2340', '2018-02-19', '1');
INSERT INTO `dates` VALUES ('2341', '2018-02-20', '1');
INSERT INTO `dates` VALUES ('2342', '2018-02-21', '1');
INSERT INTO `dates` VALUES ('2343', '2018-02-22', '1');
INSERT INTO `dates` VALUES ('2344', '2018-02-23', '1');
INSERT INTO `dates` VALUES ('2345', '2018-02-24', '0');
INSERT INTO `dates` VALUES ('2346', '2018-02-25', '0');
INSERT INTO `dates` VALUES ('2347', '2018-02-26', '1');
INSERT INTO `dates` VALUES ('2348', '2018-02-27', '1');
INSERT INTO `dates` VALUES ('2349', '2018-02-28', '1');
INSERT INTO `dates` VALUES ('2350', '2018-03-01', '1');
INSERT INTO `dates` VALUES ('2351', '2018-03-02', '1');
INSERT INTO `dates` VALUES ('2352', '2018-03-03', '0');
INSERT INTO `dates` VALUES ('2353', '2018-03-04', '0');
INSERT INTO `dates` VALUES ('2354', '2018-03-05', '1');
INSERT INTO `dates` VALUES ('2355', '2018-03-06', '1');
INSERT INTO `dates` VALUES ('2356', '2018-03-07', '1');
INSERT INTO `dates` VALUES ('2357', '2018-03-08', '1');
INSERT INTO `dates` VALUES ('2358', '2018-03-09', '1');
INSERT INTO `dates` VALUES ('2359', '2018-03-10', '0');
INSERT INTO `dates` VALUES ('2360', '2018-03-11', '0');
INSERT INTO `dates` VALUES ('2361', '2018-03-12', '1');
INSERT INTO `dates` VALUES ('2362', '2018-03-13', '1');
INSERT INTO `dates` VALUES ('2363', '2018-03-14', '1');
INSERT INTO `dates` VALUES ('2364', '2018-03-15', '1');
INSERT INTO `dates` VALUES ('2365', '2018-03-16', '1');
INSERT INTO `dates` VALUES ('2366', '2018-03-17', '0');
INSERT INTO `dates` VALUES ('2367', '2018-03-18', '0');
INSERT INTO `dates` VALUES ('2368', '2018-03-19', '1');
INSERT INTO `dates` VALUES ('2369', '2018-03-20', '1');
INSERT INTO `dates` VALUES ('2370', '2018-03-21', '1');
INSERT INTO `dates` VALUES ('2371', '2018-03-22', '1');
INSERT INTO `dates` VALUES ('2372', '2018-03-23', '1');
INSERT INTO `dates` VALUES ('2373', '2018-03-24', '0');
INSERT INTO `dates` VALUES ('2374', '2018-03-25', '0');
INSERT INTO `dates` VALUES ('2375', '2018-03-26', '1');
INSERT INTO `dates` VALUES ('2376', '2018-03-27', '1');
INSERT INTO `dates` VALUES ('2377', '2018-03-28', '1');
INSERT INTO `dates` VALUES ('2378', '2018-03-29', '1');
INSERT INTO `dates` VALUES ('2379', '2018-03-30', '1');
INSERT INTO `dates` VALUES ('2380', '2018-03-31', '0');
INSERT INTO `dates` VALUES ('2381', '2018-04-01', '0');
INSERT INTO `dates` VALUES ('2382', '2018-04-02', '1');
INSERT INTO `dates` VALUES ('2383', '2018-04-03', '1');
INSERT INTO `dates` VALUES ('2384', '2018-04-04', '1');
INSERT INTO `dates` VALUES ('2385', '2018-04-05', '1');
INSERT INTO `dates` VALUES ('2386', '2018-04-06', '1');
INSERT INTO `dates` VALUES ('2387', '2018-04-07', '0');
INSERT INTO `dates` VALUES ('2388', '2018-04-08', '0');
INSERT INTO `dates` VALUES ('2389', '2018-04-09', '1');
INSERT INTO `dates` VALUES ('2390', '2018-04-10', '1');
INSERT INTO `dates` VALUES ('2391', '2018-04-11', '1');
INSERT INTO `dates` VALUES ('2392', '2018-04-12', '1');
INSERT INTO `dates` VALUES ('2393', '2018-04-13', '1');
INSERT INTO `dates` VALUES ('2394', '2018-04-14', '0');
INSERT INTO `dates` VALUES ('2395', '2018-04-15', '0');
INSERT INTO `dates` VALUES ('2396', '2018-04-16', '1');
INSERT INTO `dates` VALUES ('2397', '2018-04-17', '1');
INSERT INTO `dates` VALUES ('2398', '2018-04-18', '1');
INSERT INTO `dates` VALUES ('2399', '2018-04-19', '1');
INSERT INTO `dates` VALUES ('2400', '2018-04-20', '1');
INSERT INTO `dates` VALUES ('2401', '2018-04-21', '0');
INSERT INTO `dates` VALUES ('2402', '2018-04-22', '0');
INSERT INTO `dates` VALUES ('2403', '2018-04-23', '1');
INSERT INTO `dates` VALUES ('2404', '2018-04-24', '1');
INSERT INTO `dates` VALUES ('2405', '2018-04-25', '1');
INSERT INTO `dates` VALUES ('2406', '2018-04-26', '1');
INSERT INTO `dates` VALUES ('2407', '2018-04-27', '1');
INSERT INTO `dates` VALUES ('2408', '2018-04-28', '0');
INSERT INTO `dates` VALUES ('2409', '2018-04-29', '0');
INSERT INTO `dates` VALUES ('2410', '2018-04-30', '1');
INSERT INTO `dates` VALUES ('2411', '2018-05-01', '1');
INSERT INTO `dates` VALUES ('2412', '2018-05-02', '1');
INSERT INTO `dates` VALUES ('2413', '2018-05-03', '1');
INSERT INTO `dates` VALUES ('2414', '2018-05-04', '1');
INSERT INTO `dates` VALUES ('2415', '2018-05-05', '0');
INSERT INTO `dates` VALUES ('2416', '2018-05-06', '0');
INSERT INTO `dates` VALUES ('2417', '2018-05-07', '1');
INSERT INTO `dates` VALUES ('2418', '2018-05-08', '1');
INSERT INTO `dates` VALUES ('2419', '2018-05-09', '1');
INSERT INTO `dates` VALUES ('2420', '2018-05-10', '1');
INSERT INTO `dates` VALUES ('2421', '2018-05-11', '1');
INSERT INTO `dates` VALUES ('2422', '2018-05-12', '0');
INSERT INTO `dates` VALUES ('2423', '2018-05-13', '0');
INSERT INTO `dates` VALUES ('2424', '2018-05-14', '1');
INSERT INTO `dates` VALUES ('2425', '2018-05-15', '1');
INSERT INTO `dates` VALUES ('2426', '2018-05-16', '1');
INSERT INTO `dates` VALUES ('2427', '2018-05-17', '1');
INSERT INTO `dates` VALUES ('2428', '2018-05-18', '1');
INSERT INTO `dates` VALUES ('2429', '2018-05-19', '0');
INSERT INTO `dates` VALUES ('2430', '2018-05-20', '0');
INSERT INTO `dates` VALUES ('2431', '2018-05-21', '1');
INSERT INTO `dates` VALUES ('2432', '2018-05-22', '1');
INSERT INTO `dates` VALUES ('2433', '2018-05-23', '1');
INSERT INTO `dates` VALUES ('2434', '2018-05-24', '1');
INSERT INTO `dates` VALUES ('2435', '2018-05-25', '1');
INSERT INTO `dates` VALUES ('2436', '2018-05-26', '0');
INSERT INTO `dates` VALUES ('2437', '2018-05-27', '0');
INSERT INTO `dates` VALUES ('2438', '2018-05-28', '1');
INSERT INTO `dates` VALUES ('2439', '2018-05-29', '1');
INSERT INTO `dates` VALUES ('2440', '2018-05-30', '1');
INSERT INTO `dates` VALUES ('2441', '2018-05-31', '1');
INSERT INTO `dates` VALUES ('2442', '2018-06-01', '1');
INSERT INTO `dates` VALUES ('2443', '2018-06-02', '0');
INSERT INTO `dates` VALUES ('2444', '2018-06-03', '0');
INSERT INTO `dates` VALUES ('2445', '2018-06-04', '1');
INSERT INTO `dates` VALUES ('2446', '2018-06-05', '1');
INSERT INTO `dates` VALUES ('2447', '2018-06-06', '1');
INSERT INTO `dates` VALUES ('2448', '2018-06-07', '1');
INSERT INTO `dates` VALUES ('2449', '2018-06-08', '1');
INSERT INTO `dates` VALUES ('2450', '2018-06-09', '0');
INSERT INTO `dates` VALUES ('2451', '2018-06-10', '0');
INSERT INTO `dates` VALUES ('2452', '2018-06-11', '1');
INSERT INTO `dates` VALUES ('2453', '2018-06-12', '1');
INSERT INTO `dates` VALUES ('2454', '2018-06-13', '1');
INSERT INTO `dates` VALUES ('2455', '2018-06-14', '1');
INSERT INTO `dates` VALUES ('2456', '2018-06-15', '1');
INSERT INTO `dates` VALUES ('2457', '2018-06-16', '0');
INSERT INTO `dates` VALUES ('2458', '2018-06-17', '0');
INSERT INTO `dates` VALUES ('2459', '2018-06-18', '1');
INSERT INTO `dates` VALUES ('2460', '2018-06-19', '1');
INSERT INTO `dates` VALUES ('2461', '2018-06-20', '1');
INSERT INTO `dates` VALUES ('2462', '2018-06-21', '1');
INSERT INTO `dates` VALUES ('2463', '2018-06-22', '1');
INSERT INTO `dates` VALUES ('2464', '2018-06-23', '0');
INSERT INTO `dates` VALUES ('2465', '2018-06-24', '0');
INSERT INTO `dates` VALUES ('2466', '2018-06-25', '1');
INSERT INTO `dates` VALUES ('2467', '2018-06-26', '1');
INSERT INTO `dates` VALUES ('2468', '2018-06-27', '1');
INSERT INTO `dates` VALUES ('2469', '2018-06-28', '1');
INSERT INTO `dates` VALUES ('2470', '2018-06-29', '1');
INSERT INTO `dates` VALUES ('2471', '2018-06-30', '0');
INSERT INTO `dates` VALUES ('2472', '2018-07-01', '0');
INSERT INTO `dates` VALUES ('2473', '2018-07-02', '1');
INSERT INTO `dates` VALUES ('2474', '2018-07-03', '1');
INSERT INTO `dates` VALUES ('2475', '2018-07-04', '1');
INSERT INTO `dates` VALUES ('2476', '2018-07-05', '1');
INSERT INTO `dates` VALUES ('2477', '2018-07-06', '1');
INSERT INTO `dates` VALUES ('2478', '2018-07-07', '0');
INSERT INTO `dates` VALUES ('2479', '2018-07-08', '0');
INSERT INTO `dates` VALUES ('2480', '2018-07-09', '1');
INSERT INTO `dates` VALUES ('2481', '2018-07-10', '1');
INSERT INTO `dates` VALUES ('2482', '2018-07-11', '1');
INSERT INTO `dates` VALUES ('2483', '2018-07-12', '1');
INSERT INTO `dates` VALUES ('2484', '2018-07-13', '1');
INSERT INTO `dates` VALUES ('2485', '2018-07-14', '0');
INSERT INTO `dates` VALUES ('2486', '2018-07-15', '0');
INSERT INTO `dates` VALUES ('2487', '2018-07-16', '1');
INSERT INTO `dates` VALUES ('2488', '2018-07-17', '1');
INSERT INTO `dates` VALUES ('2489', '2018-07-18', '1');
INSERT INTO `dates` VALUES ('2490', '2018-07-19', '1');
INSERT INTO `dates` VALUES ('2491', '2018-07-20', '1');
INSERT INTO `dates` VALUES ('2492', '2018-07-21', '0');
INSERT INTO `dates` VALUES ('2493', '2018-07-22', '0');
INSERT INTO `dates` VALUES ('2494', '2018-07-23', '1');
INSERT INTO `dates` VALUES ('2495', '2018-07-24', '1');
INSERT INTO `dates` VALUES ('2496', '2018-07-25', '1');
INSERT INTO `dates` VALUES ('2497', '2018-07-26', '1');
INSERT INTO `dates` VALUES ('2498', '2018-07-27', '1');
INSERT INTO `dates` VALUES ('2499', '2018-07-28', '0');
INSERT INTO `dates` VALUES ('2500', '2018-07-29', '0');
INSERT INTO `dates` VALUES ('2501', '2018-07-30', '1');
INSERT INTO `dates` VALUES ('2502', '2018-07-31', '1');
INSERT INTO `dates` VALUES ('2503', '2018-08-01', '1');
INSERT INTO `dates` VALUES ('2504', '2018-08-02', '1');
INSERT INTO `dates` VALUES ('2505', '2018-08-03', '1');
INSERT INTO `dates` VALUES ('2506', '2018-08-04', '0');
INSERT INTO `dates` VALUES ('2507', '2018-08-05', '0');
INSERT INTO `dates` VALUES ('2508', '2018-08-06', '1');
INSERT INTO `dates` VALUES ('2509', '2018-08-07', '1');
INSERT INTO `dates` VALUES ('2510', '2018-08-08', '1');
INSERT INTO `dates` VALUES ('2511', '2018-08-09', '1');
INSERT INTO `dates` VALUES ('2512', '2018-08-10', '1');
INSERT INTO `dates` VALUES ('2513', '2018-08-11', '0');
INSERT INTO `dates` VALUES ('2514', '2018-08-12', '0');
INSERT INTO `dates` VALUES ('2515', '2018-08-13', '1');
INSERT INTO `dates` VALUES ('2516', '2018-08-14', '1');
INSERT INTO `dates` VALUES ('2517', '2018-08-15', '1');
INSERT INTO `dates` VALUES ('2518', '2018-08-16', '1');
INSERT INTO `dates` VALUES ('2519', '2018-08-17', '1');
INSERT INTO `dates` VALUES ('2520', '2018-08-18', '0');
INSERT INTO `dates` VALUES ('2521', '2018-08-19', '0');
INSERT INTO `dates` VALUES ('2522', '2018-08-20', '1');
INSERT INTO `dates` VALUES ('2523', '2018-08-21', '1');
INSERT INTO `dates` VALUES ('2524', '2018-08-22', '1');
INSERT INTO `dates` VALUES ('2525', '2018-08-23', '1');
INSERT INTO `dates` VALUES ('2526', '2018-08-24', '1');
INSERT INTO `dates` VALUES ('2527', '2018-08-25', '0');
INSERT INTO `dates` VALUES ('2528', '2018-08-26', '0');
INSERT INTO `dates` VALUES ('2529', '2018-08-27', '1');
INSERT INTO `dates` VALUES ('2530', '2018-08-28', '1');
INSERT INTO `dates` VALUES ('2531', '2018-08-29', '1');
INSERT INTO `dates` VALUES ('2532', '2018-08-30', '1');
INSERT INTO `dates` VALUES ('2533', '2018-08-31', '1');
INSERT INTO `dates` VALUES ('2534', '2018-09-01', '0');
INSERT INTO `dates` VALUES ('2535', '2018-09-02', '0');
INSERT INTO `dates` VALUES ('2536', '2018-09-03', '1');
INSERT INTO `dates` VALUES ('2537', '2018-09-04', '1');
INSERT INTO `dates` VALUES ('2538', '2018-09-05', '1');
INSERT INTO `dates` VALUES ('2539', '2018-09-06', '1');
INSERT INTO `dates` VALUES ('2540', '2018-09-07', '1');
INSERT INTO `dates` VALUES ('2541', '2018-09-08', '0');
INSERT INTO `dates` VALUES ('2542', '2018-09-09', '0');
INSERT INTO `dates` VALUES ('2543', '2018-09-10', '1');
INSERT INTO `dates` VALUES ('2544', '2018-09-11', '1');
INSERT INTO `dates` VALUES ('2545', '2018-09-12', '1');
INSERT INTO `dates` VALUES ('2546', '2018-09-13', '1');
INSERT INTO `dates` VALUES ('2547', '2018-09-14', '1');
INSERT INTO `dates` VALUES ('2548', '2018-09-15', '0');
INSERT INTO `dates` VALUES ('2549', '2018-09-16', '0');
INSERT INTO `dates` VALUES ('2550', '2018-09-17', '1');
INSERT INTO `dates` VALUES ('2551', '2018-09-18', '1');
INSERT INTO `dates` VALUES ('2552', '2018-09-19', '1');
INSERT INTO `dates` VALUES ('2553', '2018-09-20', '1');
INSERT INTO `dates` VALUES ('2554', '2018-09-21', '1');
INSERT INTO `dates` VALUES ('2555', '2018-09-22', '0');
INSERT INTO `dates` VALUES ('2556', '2018-09-23', '0');
INSERT INTO `dates` VALUES ('2557', '2018-09-24', '1');
INSERT INTO `dates` VALUES ('2558', '2018-09-25', '1');
INSERT INTO `dates` VALUES ('2559', '2018-09-26', '1');
INSERT INTO `dates` VALUES ('2560', '2018-09-27', '1');
INSERT INTO `dates` VALUES ('2561', '2018-09-28', '1');
INSERT INTO `dates` VALUES ('2562', '2018-09-29', '0');
INSERT INTO `dates` VALUES ('2563', '2018-09-30', '0');
INSERT INTO `dates` VALUES ('2564', '2018-10-01', '1');
INSERT INTO `dates` VALUES ('2565', '2018-10-02', '1');
INSERT INTO `dates` VALUES ('2566', '2018-10-03', '1');
INSERT INTO `dates` VALUES ('2567', '2018-10-04', '1');
INSERT INTO `dates` VALUES ('2568', '2018-10-05', '1');
INSERT INTO `dates` VALUES ('2569', '2018-10-06', '0');
INSERT INTO `dates` VALUES ('2570', '2018-10-07', '0');
INSERT INTO `dates` VALUES ('2571', '2018-10-08', '1');
INSERT INTO `dates` VALUES ('2572', '2018-10-09', '1');
INSERT INTO `dates` VALUES ('2573', '2018-10-10', '1');
INSERT INTO `dates` VALUES ('2574', '2018-10-11', '1');
INSERT INTO `dates` VALUES ('2575', '2018-10-12', '1');
INSERT INTO `dates` VALUES ('2576', '2018-10-13', '0');
INSERT INTO `dates` VALUES ('2577', '2018-10-14', '0');
INSERT INTO `dates` VALUES ('2578', '2018-10-15', '1');
INSERT INTO `dates` VALUES ('2579', '2018-10-16', '1');
INSERT INTO `dates` VALUES ('2580', '2018-10-17', '1');
INSERT INTO `dates` VALUES ('2581', '2018-10-18', '1');
INSERT INTO `dates` VALUES ('2582', '2018-10-19', '1');
INSERT INTO `dates` VALUES ('2583', '2018-10-20', '0');
INSERT INTO `dates` VALUES ('2584', '2018-10-21', '0');
INSERT INTO `dates` VALUES ('2585', '2018-10-22', '1');
INSERT INTO `dates` VALUES ('2586', '2018-10-23', '1');
INSERT INTO `dates` VALUES ('2587', '2018-10-24', '1');
INSERT INTO `dates` VALUES ('2588', '2018-10-25', '1');
INSERT INTO `dates` VALUES ('2589', '2018-10-26', '1');
INSERT INTO `dates` VALUES ('2590', '2018-10-27', '0');
INSERT INTO `dates` VALUES ('2591', '2018-10-28', '0');
INSERT INTO `dates` VALUES ('2592', '2018-10-29', '1');
INSERT INTO `dates` VALUES ('2593', '2018-10-30', '1');
INSERT INTO `dates` VALUES ('2594', '2018-10-31', '1');
INSERT INTO `dates` VALUES ('2595', '2018-11-01', '1');
INSERT INTO `dates` VALUES ('2596', '2018-11-02', '1');
INSERT INTO `dates` VALUES ('2597', '2018-11-03', '0');
INSERT INTO `dates` VALUES ('2598', '2018-11-04', '0');
INSERT INTO `dates` VALUES ('2599', '2018-11-05', '1');
INSERT INTO `dates` VALUES ('2600', '2018-11-06', '1');
INSERT INTO `dates` VALUES ('2601', '2018-11-07', '1');
INSERT INTO `dates` VALUES ('2602', '2018-11-08', '1');
INSERT INTO `dates` VALUES ('2603', '2018-11-09', '1');
INSERT INTO `dates` VALUES ('2604', '2018-11-10', '0');
INSERT INTO `dates` VALUES ('2605', '2018-11-11', '0');
INSERT INTO `dates` VALUES ('2606', '2018-11-12', '1');
INSERT INTO `dates` VALUES ('2607', '2018-11-13', '1');
INSERT INTO `dates` VALUES ('2608', '2018-11-14', '1');
INSERT INTO `dates` VALUES ('2609', '2018-11-15', '1');
INSERT INTO `dates` VALUES ('2610', '2018-11-16', '1');
INSERT INTO `dates` VALUES ('2611', '2018-11-17', '0');
INSERT INTO `dates` VALUES ('2612', '2018-11-18', '0');
INSERT INTO `dates` VALUES ('2613', '2018-11-19', '1');
INSERT INTO `dates` VALUES ('2614', '2018-11-20', '1');
INSERT INTO `dates` VALUES ('2615', '2018-11-21', '1');
INSERT INTO `dates` VALUES ('2616', '2018-11-22', '1');
INSERT INTO `dates` VALUES ('2617', '2018-11-23', '1');
INSERT INTO `dates` VALUES ('2618', '2018-11-24', '0');
INSERT INTO `dates` VALUES ('2619', '2018-11-25', '0');
INSERT INTO `dates` VALUES ('2620', '2018-11-26', '1');
INSERT INTO `dates` VALUES ('2621', '2018-11-27', '1');
INSERT INTO `dates` VALUES ('2622', '2018-11-28', '1');
INSERT INTO `dates` VALUES ('2623', '2018-11-29', '1');
INSERT INTO `dates` VALUES ('2624', '2018-11-30', '1');
INSERT INTO `dates` VALUES ('2625', '2018-12-01', '0');
INSERT INTO `dates` VALUES ('2626', '2018-12-02', '0');
INSERT INTO `dates` VALUES ('2627', '2018-12-03', '1');
INSERT INTO `dates` VALUES ('2628', '2018-12-04', '1');
INSERT INTO `dates` VALUES ('2629', '2018-12-05', '1');
INSERT INTO `dates` VALUES ('2630', '2018-12-06', '1');
INSERT INTO `dates` VALUES ('2631', '2018-12-07', '1');
INSERT INTO `dates` VALUES ('2632', '2018-12-08', '0');
INSERT INTO `dates` VALUES ('2633', '2018-12-09', '0');
INSERT INTO `dates` VALUES ('2634', '2018-12-10', '1');
INSERT INTO `dates` VALUES ('2635', '2018-12-11', '1');
INSERT INTO `dates` VALUES ('2636', '2018-12-12', '1');
INSERT INTO `dates` VALUES ('2637', '2018-12-13', '1');
INSERT INTO `dates` VALUES ('2638', '2018-12-14', '1');
INSERT INTO `dates` VALUES ('2639', '2018-12-15', '0');
INSERT INTO `dates` VALUES ('2640', '2018-12-16', '0');
INSERT INTO `dates` VALUES ('2641', '2018-12-17', '1');
INSERT INTO `dates` VALUES ('2642', '2018-12-18', '1');
INSERT INTO `dates` VALUES ('2643', '2018-12-19', '1');
INSERT INTO `dates` VALUES ('2644', '2018-12-20', '1');
INSERT INTO `dates` VALUES ('2645', '2018-12-21', '1');
INSERT INTO `dates` VALUES ('2646', '2018-12-22', '0');
INSERT INTO `dates` VALUES ('2647', '2018-12-23', '0');
INSERT INTO `dates` VALUES ('2648', '2018-12-24', '1');
INSERT INTO `dates` VALUES ('2649', '2018-12-25', '1');
INSERT INTO `dates` VALUES ('2650', '2018-12-26', '1');
INSERT INTO `dates` VALUES ('2651', '2018-12-27', '1');
INSERT INTO `dates` VALUES ('2652', '2018-12-28', '1');
INSERT INTO `dates` VALUES ('2653', '2018-12-29', '0');
INSERT INTO `dates` VALUES ('2654', '2018-12-30', '0');
INSERT INTO `dates` VALUES ('2655', '2018-12-31', '1');
INSERT INTO `dates` VALUES ('2656', '2019-01-01', '1');
INSERT INTO `dates` VALUES ('2657', '2019-01-02', '1');
INSERT INTO `dates` VALUES ('2658', '2019-01-03', '1');
INSERT INTO `dates` VALUES ('2659', '2019-01-04', '1');
INSERT INTO `dates` VALUES ('2660', '2019-01-05', '0');
INSERT INTO `dates` VALUES ('2661', '2019-01-06', '0');
INSERT INTO `dates` VALUES ('2662', '2019-01-07', '1');
INSERT INTO `dates` VALUES ('2663', '2019-01-08', '1');
INSERT INTO `dates` VALUES ('2664', '2019-01-09', '1');
INSERT INTO `dates` VALUES ('2665', '2019-01-10', '1');
INSERT INTO `dates` VALUES ('2666', '2019-01-11', '1');
INSERT INTO `dates` VALUES ('2667', '2019-01-12', '0');
INSERT INTO `dates` VALUES ('2668', '2019-01-13', '0');
INSERT INTO `dates` VALUES ('2669', '2019-01-14', '1');
INSERT INTO `dates` VALUES ('2670', '2019-01-15', '1');
INSERT INTO `dates` VALUES ('2671', '2019-01-16', '1');
INSERT INTO `dates` VALUES ('2672', '2019-01-17', '1');
INSERT INTO `dates` VALUES ('2673', '2019-01-18', '1');
INSERT INTO `dates` VALUES ('2674', '2019-01-19', '0');
INSERT INTO `dates` VALUES ('2675', '2019-01-20', '0');
INSERT INTO `dates` VALUES ('2676', '2019-01-21', '1');
INSERT INTO `dates` VALUES ('2677', '2019-01-22', '1');
INSERT INTO `dates` VALUES ('2678', '2019-01-23', '1');
INSERT INTO `dates` VALUES ('2679', '2019-01-24', '1');
INSERT INTO `dates` VALUES ('2680', '2019-01-25', '1');
INSERT INTO `dates` VALUES ('2681', '2019-01-26', '0');
INSERT INTO `dates` VALUES ('2682', '2019-01-27', '0');
INSERT INTO `dates` VALUES ('2683', '2019-01-28', '1');
INSERT INTO `dates` VALUES ('2684', '2019-01-29', '1');
INSERT INTO `dates` VALUES ('2685', '2019-01-30', '1');
INSERT INTO `dates` VALUES ('2686', '2019-01-31', '1');
INSERT INTO `dates` VALUES ('2687', '2019-02-01', '1');
INSERT INTO `dates` VALUES ('2688', '2019-02-02', '0');
INSERT INTO `dates` VALUES ('2689', '2019-02-03', '0');
INSERT INTO `dates` VALUES ('2690', '2019-02-04', '1');
INSERT INTO `dates` VALUES ('2691', '2019-02-05', '1');
INSERT INTO `dates` VALUES ('2692', '2019-02-06', '1');
INSERT INTO `dates` VALUES ('2693', '2019-02-07', '1');
INSERT INTO `dates` VALUES ('2694', '2019-02-08', '1');
INSERT INTO `dates` VALUES ('2695', '2019-02-09', '0');
INSERT INTO `dates` VALUES ('2696', '2019-02-10', '0');
INSERT INTO `dates` VALUES ('2697', '2019-02-11', '1');
INSERT INTO `dates` VALUES ('2698', '2019-02-12', '1');
INSERT INTO `dates` VALUES ('2699', '2019-02-13', '1');
INSERT INTO `dates` VALUES ('2700', '2019-02-14', '1');
INSERT INTO `dates` VALUES ('2701', '2019-02-15', '1');
INSERT INTO `dates` VALUES ('2702', '2019-02-16', '0');
INSERT INTO `dates` VALUES ('2703', '2019-02-17', '0');
INSERT INTO `dates` VALUES ('2704', '2019-02-18', '1');
INSERT INTO `dates` VALUES ('2705', '2019-02-19', '1');
INSERT INTO `dates` VALUES ('2706', '2019-02-20', '1');
INSERT INTO `dates` VALUES ('2707', '2019-02-21', '1');
INSERT INTO `dates` VALUES ('2708', '2019-02-22', '1');
INSERT INTO `dates` VALUES ('2709', '2019-02-23', '0');
INSERT INTO `dates` VALUES ('2710', '2019-02-24', '0');
INSERT INTO `dates` VALUES ('2711', '2019-02-25', '1');
INSERT INTO `dates` VALUES ('2712', '2019-02-26', '1');
INSERT INTO `dates` VALUES ('2713', '2019-02-27', '1');
INSERT INTO `dates` VALUES ('2714', '2019-02-28', '1');
INSERT INTO `dates` VALUES ('2715', '2019-03-01', '1');
INSERT INTO `dates` VALUES ('2716', '2019-03-02', '0');
INSERT INTO `dates` VALUES ('2717', '2019-03-03', '0');
INSERT INTO `dates` VALUES ('2718', '2019-03-04', '1');
INSERT INTO `dates` VALUES ('2719', '2019-03-05', '1');
INSERT INTO `dates` VALUES ('2720', '2019-03-06', '1');
INSERT INTO `dates` VALUES ('2721', '2019-03-07', '1');
INSERT INTO `dates` VALUES ('2722', '2019-03-08', '1');
INSERT INTO `dates` VALUES ('2723', '2019-03-09', '0');
INSERT INTO `dates` VALUES ('2724', '2019-03-10', '0');
INSERT INTO `dates` VALUES ('2725', '2019-03-11', '1');
INSERT INTO `dates` VALUES ('2726', '2019-03-12', '1');
INSERT INTO `dates` VALUES ('2727', '2019-03-13', '1');
INSERT INTO `dates` VALUES ('2728', '2019-03-14', '1');
INSERT INTO `dates` VALUES ('2729', '2019-03-15', '1');
INSERT INTO `dates` VALUES ('2730', '2019-03-16', '0');
INSERT INTO `dates` VALUES ('2731', '2019-03-17', '0');
INSERT INTO `dates` VALUES ('2732', '2019-03-18', '1');
INSERT INTO `dates` VALUES ('2733', '2019-03-19', '1');
INSERT INTO `dates` VALUES ('2734', '2019-03-20', '1');
INSERT INTO `dates` VALUES ('2735', '2019-03-21', '1');
INSERT INTO `dates` VALUES ('2736', '2019-03-22', '1');
INSERT INTO `dates` VALUES ('2737', '2019-03-23', '0');
INSERT INTO `dates` VALUES ('2738', '2019-03-24', '0');
INSERT INTO `dates` VALUES ('2739', '2019-03-25', '1');
INSERT INTO `dates` VALUES ('2740', '2019-03-26', '1');
INSERT INTO `dates` VALUES ('2741', '2019-03-27', '1');
INSERT INTO `dates` VALUES ('2742', '2019-03-28', '1');
INSERT INTO `dates` VALUES ('2743', '2019-03-29', '1');
INSERT INTO `dates` VALUES ('2744', '2019-03-30', '0');
INSERT INTO `dates` VALUES ('2745', '2019-03-31', '0');
INSERT INTO `dates` VALUES ('2746', '2019-04-01', '1');
INSERT INTO `dates` VALUES ('2747', '2019-04-02', '1');
INSERT INTO `dates` VALUES ('2748', '2019-04-03', '1');
INSERT INTO `dates` VALUES ('2749', '2019-04-04', '1');
INSERT INTO `dates` VALUES ('2750', '2019-04-05', '1');
INSERT INTO `dates` VALUES ('2751', '2019-04-06', '0');
INSERT INTO `dates` VALUES ('2752', '2019-04-07', '0');
INSERT INTO `dates` VALUES ('2753', '2019-04-08', '1');
INSERT INTO `dates` VALUES ('2754', '2019-04-09', '1');
INSERT INTO `dates` VALUES ('2755', '2019-04-10', '1');
INSERT INTO `dates` VALUES ('2756', '2019-04-11', '1');
INSERT INTO `dates` VALUES ('2757', '2019-04-12', '1');
INSERT INTO `dates` VALUES ('2758', '2019-04-13', '0');
INSERT INTO `dates` VALUES ('2759', '2019-04-14', '0');
INSERT INTO `dates` VALUES ('2760', '2019-04-15', '1');
INSERT INTO `dates` VALUES ('2761', '2019-04-16', '1');
INSERT INTO `dates` VALUES ('2762', '2019-04-17', '1');
INSERT INTO `dates` VALUES ('2763', '2019-04-18', '1');
INSERT INTO `dates` VALUES ('2764', '2019-04-19', '1');
INSERT INTO `dates` VALUES ('2765', '2019-04-20', '0');
INSERT INTO `dates` VALUES ('2766', '2019-04-21', '0');
INSERT INTO `dates` VALUES ('2767', '2019-04-22', '1');
INSERT INTO `dates` VALUES ('2768', '2019-04-23', '1');
INSERT INTO `dates` VALUES ('2769', '2019-04-24', '1');
INSERT INTO `dates` VALUES ('2770', '2019-04-25', '1');
INSERT INTO `dates` VALUES ('2771', '2019-04-26', '1');
INSERT INTO `dates` VALUES ('2772', '2019-04-27', '0');
INSERT INTO `dates` VALUES ('2773', '2019-04-28', '0');
INSERT INTO `dates` VALUES ('2774', '2019-04-29', '1');
INSERT INTO `dates` VALUES ('2775', '2019-04-30', '1');
INSERT INTO `dates` VALUES ('2776', '2019-05-01', '1');
INSERT INTO `dates` VALUES ('2777', '2019-05-02', '1');
INSERT INTO `dates` VALUES ('2778', '2019-05-03', '1');
INSERT INTO `dates` VALUES ('2779', '2019-05-04', '0');
INSERT INTO `dates` VALUES ('2780', '2019-05-05', '0');
INSERT INTO `dates` VALUES ('2781', '2019-05-06', '1');
INSERT INTO `dates` VALUES ('2782', '2019-05-07', '1');
INSERT INTO `dates` VALUES ('2783', '2019-05-08', '1');
INSERT INTO `dates` VALUES ('2784', '2019-05-09', '1');
INSERT INTO `dates` VALUES ('2785', '2019-05-10', '1');
INSERT INTO `dates` VALUES ('2786', '2019-05-11', '0');
INSERT INTO `dates` VALUES ('2787', '2019-05-12', '0');
INSERT INTO `dates` VALUES ('2788', '2019-05-13', '1');
INSERT INTO `dates` VALUES ('2789', '2019-05-14', '1');
INSERT INTO `dates` VALUES ('2790', '2019-05-15', '1');
INSERT INTO `dates` VALUES ('2791', '2019-05-16', '1');
INSERT INTO `dates` VALUES ('2792', '2019-05-17', '1');
INSERT INTO `dates` VALUES ('2793', '2019-05-18', '0');
INSERT INTO `dates` VALUES ('2794', '2019-05-19', '0');
INSERT INTO `dates` VALUES ('2795', '2019-05-20', '1');
INSERT INTO `dates` VALUES ('2796', '2019-05-21', '1');
INSERT INTO `dates` VALUES ('2797', '2019-05-22', '1');
INSERT INTO `dates` VALUES ('2798', '2019-05-23', '1');
INSERT INTO `dates` VALUES ('2799', '2019-05-24', '1');
INSERT INTO `dates` VALUES ('2800', '2019-05-25', '0');
INSERT INTO `dates` VALUES ('2801', '2019-05-26', '0');
INSERT INTO `dates` VALUES ('2802', '2019-05-27', '1');
INSERT INTO `dates` VALUES ('2803', '2019-05-28', '1');
INSERT INTO `dates` VALUES ('2804', '2019-05-29', '1');
INSERT INTO `dates` VALUES ('2805', '2019-05-30', '1');
INSERT INTO `dates` VALUES ('2806', '2019-05-31', '1');
INSERT INTO `dates` VALUES ('2807', '2019-06-01', '0');
INSERT INTO `dates` VALUES ('2808', '2019-06-02', '0');
INSERT INTO `dates` VALUES ('2809', '2019-06-03', '1');
INSERT INTO `dates` VALUES ('2810', '2019-06-04', '1');
INSERT INTO `dates` VALUES ('2811', '2019-06-05', '1');
INSERT INTO `dates` VALUES ('2812', '2019-06-06', '1');
INSERT INTO `dates` VALUES ('2813', '2019-06-07', '1');
INSERT INTO `dates` VALUES ('2814', '2019-06-08', '0');
INSERT INTO `dates` VALUES ('2815', '2019-06-09', '0');
INSERT INTO `dates` VALUES ('2816', '2019-06-10', '1');
INSERT INTO `dates` VALUES ('2817', '2019-06-11', '1');
INSERT INTO `dates` VALUES ('2818', '2019-06-12', '1');
INSERT INTO `dates` VALUES ('2819', '2019-06-13', '1');
INSERT INTO `dates` VALUES ('2820', '2019-06-14', '1');
INSERT INTO `dates` VALUES ('2821', '2019-06-15', '0');
INSERT INTO `dates` VALUES ('2822', '2019-06-16', '0');
INSERT INTO `dates` VALUES ('2823', '2019-06-17', '1');
INSERT INTO `dates` VALUES ('2824', '2019-06-18', '1');
INSERT INTO `dates` VALUES ('2825', '2019-06-19', '1');
INSERT INTO `dates` VALUES ('2826', '2019-06-20', '1');
INSERT INTO `dates` VALUES ('2827', '2019-06-21', '1');
INSERT INTO `dates` VALUES ('2828', '2019-06-22', '0');
INSERT INTO `dates` VALUES ('2829', '2019-06-23', '0');
INSERT INTO `dates` VALUES ('2830', '2019-06-24', '1');
INSERT INTO `dates` VALUES ('2831', '2019-06-25', '1');
INSERT INTO `dates` VALUES ('2832', '2019-06-26', '1');
INSERT INTO `dates` VALUES ('2833', '2019-06-27', '1');
INSERT INTO `dates` VALUES ('2834', '2019-06-28', '1');
INSERT INTO `dates` VALUES ('2835', '2019-06-29', '0');
INSERT INTO `dates` VALUES ('2836', '2019-06-30', '0');
INSERT INTO `dates` VALUES ('2837', '2019-07-01', '1');
INSERT INTO `dates` VALUES ('2838', '2019-07-02', '1');
INSERT INTO `dates` VALUES ('2839', '2019-07-03', '1');
INSERT INTO `dates` VALUES ('2840', '2019-07-04', '1');
INSERT INTO `dates` VALUES ('2841', '2019-07-05', '1');
INSERT INTO `dates` VALUES ('2842', '2019-07-06', '0');
INSERT INTO `dates` VALUES ('2843', '2019-07-07', '0');
INSERT INTO `dates` VALUES ('2844', '2019-07-08', '1');
INSERT INTO `dates` VALUES ('2845', '2019-07-09', '1');
INSERT INTO `dates` VALUES ('2846', '2019-07-10', '1');
INSERT INTO `dates` VALUES ('2847', '2019-07-11', '1');
INSERT INTO `dates` VALUES ('2848', '2019-07-12', '1');
INSERT INTO `dates` VALUES ('2849', '2019-07-13', '0');
INSERT INTO `dates` VALUES ('2850', '2019-07-14', '0');
INSERT INTO `dates` VALUES ('2851', '2019-07-15', '1');
INSERT INTO `dates` VALUES ('2852', '2019-07-16', '1');
INSERT INTO `dates` VALUES ('2853', '2019-07-17', '1');
INSERT INTO `dates` VALUES ('2854', '2019-07-18', '1');
INSERT INTO `dates` VALUES ('2855', '2019-07-19', '1');
INSERT INTO `dates` VALUES ('2856', '2019-07-20', '0');
INSERT INTO `dates` VALUES ('2857', '2019-07-21', '0');
INSERT INTO `dates` VALUES ('2858', '2019-07-22', '1');
INSERT INTO `dates` VALUES ('2859', '2019-07-23', '1');
INSERT INTO `dates` VALUES ('2860', '2019-07-24', '1');
INSERT INTO `dates` VALUES ('2861', '2019-07-25', '1');
INSERT INTO `dates` VALUES ('2862', '2019-07-26', '1');
INSERT INTO `dates` VALUES ('2863', '2019-07-27', '0');
INSERT INTO `dates` VALUES ('2864', '2019-07-28', '0');
INSERT INTO `dates` VALUES ('2865', '2019-07-29', '1');
INSERT INTO `dates` VALUES ('2866', '2019-07-30', '1');
INSERT INTO `dates` VALUES ('2867', '2019-07-31', '1');
INSERT INTO `dates` VALUES ('2868', '2019-08-01', '1');
INSERT INTO `dates` VALUES ('2869', '2019-08-02', '1');
INSERT INTO `dates` VALUES ('2870', '2019-08-03', '0');
INSERT INTO `dates` VALUES ('2871', '2019-08-04', '0');
INSERT INTO `dates` VALUES ('2872', '2019-08-05', '1');
INSERT INTO `dates` VALUES ('2873', '2019-08-06', '1');
INSERT INTO `dates` VALUES ('2874', '2019-08-07', '1');
INSERT INTO `dates` VALUES ('2875', '2019-08-08', '1');
INSERT INTO `dates` VALUES ('2876', '2019-08-09', '1');
INSERT INTO `dates` VALUES ('2877', '2019-08-10', '0');
INSERT INTO `dates` VALUES ('2878', '2019-08-11', '0');
INSERT INTO `dates` VALUES ('2879', '2019-08-12', '1');
INSERT INTO `dates` VALUES ('2880', '2019-08-13', '1');
INSERT INTO `dates` VALUES ('2881', '2019-08-14', '1');
INSERT INTO `dates` VALUES ('2882', '2019-08-15', '1');
INSERT INTO `dates` VALUES ('2883', '2019-08-16', '1');
INSERT INTO `dates` VALUES ('2884', '2019-08-17', '0');
INSERT INTO `dates` VALUES ('2885', '2019-08-18', '0');
INSERT INTO `dates` VALUES ('2886', '2019-08-19', '1');
INSERT INTO `dates` VALUES ('2887', '2019-08-20', '1');
INSERT INTO `dates` VALUES ('2888', '2019-08-21', '1');
INSERT INTO `dates` VALUES ('2889', '2019-08-22', '1');
INSERT INTO `dates` VALUES ('2890', '2019-08-23', '1');
INSERT INTO `dates` VALUES ('2891', '2019-08-24', '0');
INSERT INTO `dates` VALUES ('2892', '2019-08-25', '0');
INSERT INTO `dates` VALUES ('2893', '2019-08-26', '1');
INSERT INTO `dates` VALUES ('2894', '2019-08-27', '1');
INSERT INTO `dates` VALUES ('2895', '2019-08-28', '1');
INSERT INTO `dates` VALUES ('2896', '2019-08-29', '1');
INSERT INTO `dates` VALUES ('2897', '2019-08-30', '1');
INSERT INTO `dates` VALUES ('2898', '2019-08-31', '0');
INSERT INTO `dates` VALUES ('2899', '2019-09-01', '0');
INSERT INTO `dates` VALUES ('2900', '2019-09-02', '1');
INSERT INTO `dates` VALUES ('2901', '2019-09-03', '1');
INSERT INTO `dates` VALUES ('2902', '2019-09-04', '1');
INSERT INTO `dates` VALUES ('2903', '2019-09-05', '1');
INSERT INTO `dates` VALUES ('2904', '2019-09-06', '1');
INSERT INTO `dates` VALUES ('2905', '2019-09-07', '0');
INSERT INTO `dates` VALUES ('2906', '2019-09-08', '0');
INSERT INTO `dates` VALUES ('2907', '2019-09-09', '1');
INSERT INTO `dates` VALUES ('2908', '2019-09-10', '1');
INSERT INTO `dates` VALUES ('2909', '2019-09-11', '1');
INSERT INTO `dates` VALUES ('2910', '2019-09-12', '1');
INSERT INTO `dates` VALUES ('2911', '2019-09-13', '1');
INSERT INTO `dates` VALUES ('2912', '2019-09-14', '0');
INSERT INTO `dates` VALUES ('2913', '2019-09-15', '0');
INSERT INTO `dates` VALUES ('2914', '2019-09-16', '1');
INSERT INTO `dates` VALUES ('2915', '2019-09-17', '1');
INSERT INTO `dates` VALUES ('2916', '2019-09-18', '1');
INSERT INTO `dates` VALUES ('2917', '2019-09-19', '1');
INSERT INTO `dates` VALUES ('2918', '2019-09-20', '1');
INSERT INTO `dates` VALUES ('2919', '2019-09-21', '0');
INSERT INTO `dates` VALUES ('2920', '2019-09-22', '0');
INSERT INTO `dates` VALUES ('2921', '2019-09-23', '1');
INSERT INTO `dates` VALUES ('2922', '2019-09-24', '1');
INSERT INTO `dates` VALUES ('2923', '2019-09-25', '1');
INSERT INTO `dates` VALUES ('2924', '2019-09-26', '1');
INSERT INTO `dates` VALUES ('2925', '2019-09-27', '1');
INSERT INTO `dates` VALUES ('2926', '2019-09-28', '0');
INSERT INTO `dates` VALUES ('2927', '2019-09-29', '0');
INSERT INTO `dates` VALUES ('2928', '2019-09-30', '1');
INSERT INTO `dates` VALUES ('2929', '2019-10-01', '1');
INSERT INTO `dates` VALUES ('2930', '2019-10-02', '1');
INSERT INTO `dates` VALUES ('2931', '2019-10-03', '1');
INSERT INTO `dates` VALUES ('2932', '2019-10-04', '1');
INSERT INTO `dates` VALUES ('2933', '2019-10-05', '0');
INSERT INTO `dates` VALUES ('2934', '2019-10-06', '0');
INSERT INTO `dates` VALUES ('2935', '2019-10-07', '1');
INSERT INTO `dates` VALUES ('2936', '2019-10-08', '1');
INSERT INTO `dates` VALUES ('2937', '2019-10-09', '1');
INSERT INTO `dates` VALUES ('2938', '2019-10-10', '1');
INSERT INTO `dates` VALUES ('2939', '2019-10-11', '1');
INSERT INTO `dates` VALUES ('2940', '2019-10-12', '0');
INSERT INTO `dates` VALUES ('2941', '2019-10-13', '0');
INSERT INTO `dates` VALUES ('2942', '2019-10-14', '1');
INSERT INTO `dates` VALUES ('2943', '2019-10-15', '1');
INSERT INTO `dates` VALUES ('2944', '2019-10-16', '1');
INSERT INTO `dates` VALUES ('2945', '2019-10-17', '1');
INSERT INTO `dates` VALUES ('2946', '2019-10-18', '1');
INSERT INTO `dates` VALUES ('2947', '2019-10-19', '0');
INSERT INTO `dates` VALUES ('2948', '2019-10-20', '0');
INSERT INTO `dates` VALUES ('2949', '2019-10-21', '1');
INSERT INTO `dates` VALUES ('2950', '2019-10-22', '1');
INSERT INTO `dates` VALUES ('2951', '2019-10-23', '1');
INSERT INTO `dates` VALUES ('2952', '2019-10-24', '1');
INSERT INTO `dates` VALUES ('2953', '2019-10-25', '1');
INSERT INTO `dates` VALUES ('2954', '2019-10-26', '0');
INSERT INTO `dates` VALUES ('2955', '2019-10-27', '0');
INSERT INTO `dates` VALUES ('2956', '2019-10-28', '1');
INSERT INTO `dates` VALUES ('2957', '2019-10-29', '1');
INSERT INTO `dates` VALUES ('2958', '2019-10-30', '1');
INSERT INTO `dates` VALUES ('2959', '2019-10-31', '1');
INSERT INTO `dates` VALUES ('2960', '2019-11-01', '1');
INSERT INTO `dates` VALUES ('2961', '2019-11-02', '0');
INSERT INTO `dates` VALUES ('2962', '2019-11-03', '0');
INSERT INTO `dates` VALUES ('2963', '2019-11-04', '1');
INSERT INTO `dates` VALUES ('2964', '2019-11-05', '1');
INSERT INTO `dates` VALUES ('2965', '2019-11-06', '1');
INSERT INTO `dates` VALUES ('2966', '2019-11-07', '1');
INSERT INTO `dates` VALUES ('2967', '2019-11-08', '1');
INSERT INTO `dates` VALUES ('2968', '2019-11-09', '0');
INSERT INTO `dates` VALUES ('2969', '2019-11-10', '0');
INSERT INTO `dates` VALUES ('2970', '2019-11-11', '1');
INSERT INTO `dates` VALUES ('2971', '2019-11-12', '1');
INSERT INTO `dates` VALUES ('2972', '2019-11-13', '1');
INSERT INTO `dates` VALUES ('2973', '2019-11-14', '1');
INSERT INTO `dates` VALUES ('2974', '2019-11-15', '1');
INSERT INTO `dates` VALUES ('2975', '2019-11-16', '0');
INSERT INTO `dates` VALUES ('2976', '2019-11-17', '0');
INSERT INTO `dates` VALUES ('2977', '2019-11-18', '1');
INSERT INTO `dates` VALUES ('2978', '2019-11-19', '1');
INSERT INTO `dates` VALUES ('2979', '2019-11-20', '1');
INSERT INTO `dates` VALUES ('2980', '2019-11-21', '1');
INSERT INTO `dates` VALUES ('2981', '2019-11-22', '1');
INSERT INTO `dates` VALUES ('2982', '2019-11-23', '0');
INSERT INTO `dates` VALUES ('2983', '2019-11-24', '0');
INSERT INTO `dates` VALUES ('2984', '2019-11-25', '1');
INSERT INTO `dates` VALUES ('2985', '2019-11-26', '1');
INSERT INTO `dates` VALUES ('2986', '2019-11-27', '1');
INSERT INTO `dates` VALUES ('2987', '2019-11-28', '1');
INSERT INTO `dates` VALUES ('2988', '2019-11-29', '1');
INSERT INTO `dates` VALUES ('2989', '2019-11-30', '0');
INSERT INTO `dates` VALUES ('2990', '2019-12-01', '0');
INSERT INTO `dates` VALUES ('2991', '2019-12-02', '1');
INSERT INTO `dates` VALUES ('2992', '2019-12-03', '1');
INSERT INTO `dates` VALUES ('2993', '2019-12-04', '1');
INSERT INTO `dates` VALUES ('2994', '2019-12-05', '1');
INSERT INTO `dates` VALUES ('2995', '2019-12-06', '1');
INSERT INTO `dates` VALUES ('2996', '2019-12-07', '0');
INSERT INTO `dates` VALUES ('2997', '2019-12-08', '0');
INSERT INTO `dates` VALUES ('2998', '2019-12-09', '1');
INSERT INTO `dates` VALUES ('2999', '2019-12-10', '1');
INSERT INTO `dates` VALUES ('3000', '2019-12-11', '1');
INSERT INTO `dates` VALUES ('3001', '2019-12-12', '1');
INSERT INTO `dates` VALUES ('3002', '2019-12-13', '1');
INSERT INTO `dates` VALUES ('3003', '2019-12-14', '0');
INSERT INTO `dates` VALUES ('3004', '2019-12-15', '0');
INSERT INTO `dates` VALUES ('3005', '2019-12-16', '1');
INSERT INTO `dates` VALUES ('3006', '2019-12-17', '1');
INSERT INTO `dates` VALUES ('3007', '2019-12-18', '1');
INSERT INTO `dates` VALUES ('3008', '2019-12-19', '1');
INSERT INTO `dates` VALUES ('3009', '2019-12-20', '1');
INSERT INTO `dates` VALUES ('3010', '2019-12-21', '0');
INSERT INTO `dates` VALUES ('3011', '2019-12-22', '0');
INSERT INTO `dates` VALUES ('3012', '2019-12-23', '1');
INSERT INTO `dates` VALUES ('3013', '2019-12-24', '1');
INSERT INTO `dates` VALUES ('3014', '2019-12-25', '1');
INSERT INTO `dates` VALUES ('3015', '2019-12-26', '1');
INSERT INTO `dates` VALUES ('3016', '2019-12-27', '1');
INSERT INTO `dates` VALUES ('3017', '2019-12-28', '0');
INSERT INTO `dates` VALUES ('3018', '2019-12-29', '0');
INSERT INTO `dates` VALUES ('3019', '2019-12-30', '1');
INSERT INTO `dates` VALUES ('3020', '2019-12-31', '1');
INSERT INTO `dates` VALUES ('3021', '2020-01-01', '1');
INSERT INTO `dates` VALUES ('3022', '2020-01-02', '1');
INSERT INTO `dates` VALUES ('3023', '2020-01-03', '1');
INSERT INTO `dates` VALUES ('3024', '2020-01-04', '0');
INSERT INTO `dates` VALUES ('3025', '2020-01-05', '0');
INSERT INTO `dates` VALUES ('3026', '2020-01-06', '1');
INSERT INTO `dates` VALUES ('3027', '2020-01-07', '1');
INSERT INTO `dates` VALUES ('3028', '2020-01-08', '1');
INSERT INTO `dates` VALUES ('3029', '2020-01-09', '1');
INSERT INTO `dates` VALUES ('3030', '2020-01-10', '1');
INSERT INTO `dates` VALUES ('3031', '2020-01-11', '0');
INSERT INTO `dates` VALUES ('3032', '2020-01-12', '0');
INSERT INTO `dates` VALUES ('3033', '2020-01-13', '1');
INSERT INTO `dates` VALUES ('3034', '2020-01-14', '1');
INSERT INTO `dates` VALUES ('3035', '2020-01-15', '1');
INSERT INTO `dates` VALUES ('3036', '2020-01-16', '1');
INSERT INTO `dates` VALUES ('3037', '2020-01-17', '1');
INSERT INTO `dates` VALUES ('3038', '2020-01-18', '0');
INSERT INTO `dates` VALUES ('3039', '2020-01-19', '0');
INSERT INTO `dates` VALUES ('3040', '2020-01-20', '1');
INSERT INTO `dates` VALUES ('3041', '2020-01-21', '1');
INSERT INTO `dates` VALUES ('3042', '2020-01-22', '1');
INSERT INTO `dates` VALUES ('3043', '2020-01-23', '1');
INSERT INTO `dates` VALUES ('3044', '2020-01-24', '1');
INSERT INTO `dates` VALUES ('3045', '2020-01-25', '0');
INSERT INTO `dates` VALUES ('3046', '2020-01-26', '0');
INSERT INTO `dates` VALUES ('3047', '2020-01-27', '1');
INSERT INTO `dates` VALUES ('3048', '2020-01-28', '1');
INSERT INTO `dates` VALUES ('3049', '2020-01-29', '1');
INSERT INTO `dates` VALUES ('3050', '2020-01-30', '1');
INSERT INTO `dates` VALUES ('3051', '2020-01-31', '1');
INSERT INTO `dates` VALUES ('3052', '2020-02-01', '0');
INSERT INTO `dates` VALUES ('3053', '2020-02-02', '0');
INSERT INTO `dates` VALUES ('3054', '2020-02-03', '1');
INSERT INTO `dates` VALUES ('3055', '2020-02-04', '1');
INSERT INTO `dates` VALUES ('3056', '2020-02-05', '1');
INSERT INTO `dates` VALUES ('3057', '2020-02-06', '1');
INSERT INTO `dates` VALUES ('3058', '2020-02-07', '1');
INSERT INTO `dates` VALUES ('3059', '2020-02-08', '0');
INSERT INTO `dates` VALUES ('3060', '2020-02-09', '0');
INSERT INTO `dates` VALUES ('3061', '2020-02-10', '1');
INSERT INTO `dates` VALUES ('3062', '2020-02-11', '1');
INSERT INTO `dates` VALUES ('3063', '2020-02-12', '1');
INSERT INTO `dates` VALUES ('3064', '2020-02-13', '1');
INSERT INTO `dates` VALUES ('3065', '2020-02-14', '1');
INSERT INTO `dates` VALUES ('3066', '2020-02-15', '0');
INSERT INTO `dates` VALUES ('3067', '2020-02-16', '0');
INSERT INTO `dates` VALUES ('3068', '2020-02-17', '1');
INSERT INTO `dates` VALUES ('3069', '2020-02-18', '1');
INSERT INTO `dates` VALUES ('3070', '2020-02-19', '1');
INSERT INTO `dates` VALUES ('3071', '2020-02-20', '1');
INSERT INTO `dates` VALUES ('3072', '2020-02-21', '1');
INSERT INTO `dates` VALUES ('3073', '2020-02-22', '0');
INSERT INTO `dates` VALUES ('3074', '2020-02-23', '0');
INSERT INTO `dates` VALUES ('3075', '2020-02-24', '1');
INSERT INTO `dates` VALUES ('3076', '2020-02-25', '1');
INSERT INTO `dates` VALUES ('3077', '2020-02-26', '1');
INSERT INTO `dates` VALUES ('3078', '2020-02-27', '1');
INSERT INTO `dates` VALUES ('3079', '2020-02-28', '1');
INSERT INTO `dates` VALUES ('3080', '2020-02-29', '0');
INSERT INTO `dates` VALUES ('3081', '2020-03-01', '0');
INSERT INTO `dates` VALUES ('3082', '2020-03-02', '1');
INSERT INTO `dates` VALUES ('3083', '2020-03-03', '1');
INSERT INTO `dates` VALUES ('3084', '2020-03-04', '1');
INSERT INTO `dates` VALUES ('3085', '2020-03-05', '1');
INSERT INTO `dates` VALUES ('3086', '2020-03-06', '1');
INSERT INTO `dates` VALUES ('3087', '2020-03-07', '0');
INSERT INTO `dates` VALUES ('3088', '2020-03-08', '0');
INSERT INTO `dates` VALUES ('3089', '2020-03-09', '1');
INSERT INTO `dates` VALUES ('3090', '2020-03-10', '1');
INSERT INTO `dates` VALUES ('3091', '2020-03-11', '1');
INSERT INTO `dates` VALUES ('3092', '2020-03-12', '1');
INSERT INTO `dates` VALUES ('3093', '2020-03-13', '1');
INSERT INTO `dates` VALUES ('3094', '2020-03-14', '0');
INSERT INTO `dates` VALUES ('3095', '2020-03-15', '0');
INSERT INTO `dates` VALUES ('3096', '2020-03-16', '1');
INSERT INTO `dates` VALUES ('3097', '2020-03-17', '1');
INSERT INTO `dates` VALUES ('3098', '2020-03-18', '1');
INSERT INTO `dates` VALUES ('3099', '2020-03-19', '1');
INSERT INTO `dates` VALUES ('3100', '2020-03-20', '1');
INSERT INTO `dates` VALUES ('3101', '2020-03-21', '0');
INSERT INTO `dates` VALUES ('3102', '2020-03-22', '0');
INSERT INTO `dates` VALUES ('3103', '2020-03-23', '1');
INSERT INTO `dates` VALUES ('3104', '2020-03-24', '1');
INSERT INTO `dates` VALUES ('3105', '2020-03-25', '1');
INSERT INTO `dates` VALUES ('3106', '2020-03-26', '1');
INSERT INTO `dates` VALUES ('3107', '2020-03-27', '1');
INSERT INTO `dates` VALUES ('3108', '2020-03-28', '0');
INSERT INTO `dates` VALUES ('3109', '2020-03-29', '0');
INSERT INTO `dates` VALUES ('3110', '2020-03-30', '1');
INSERT INTO `dates` VALUES ('3111', '2020-03-31', '1');
INSERT INTO `dates` VALUES ('3112', '2020-04-01', '1');
INSERT INTO `dates` VALUES ('3113', '2020-04-02', '1');
INSERT INTO `dates` VALUES ('3114', '2020-04-03', '1');
INSERT INTO `dates` VALUES ('3115', '2020-04-04', '0');
INSERT INTO `dates` VALUES ('3116', '2020-04-05', '0');
INSERT INTO `dates` VALUES ('3117', '2020-04-06', '1');
INSERT INTO `dates` VALUES ('3118', '2020-04-07', '1');
INSERT INTO `dates` VALUES ('3119', '2020-04-08', '1');
INSERT INTO `dates` VALUES ('3120', '2020-04-09', '1');
INSERT INTO `dates` VALUES ('3121', '2020-04-10', '1');
INSERT INTO `dates` VALUES ('3122', '2020-04-11', '0');
INSERT INTO `dates` VALUES ('3123', '2020-04-12', '0');
INSERT INTO `dates` VALUES ('3124', '2020-04-13', '1');
INSERT INTO `dates` VALUES ('3125', '2020-04-14', '1');
INSERT INTO `dates` VALUES ('3126', '2020-04-15', '1');

-- ----------------------------
-- Table structure for `deadlines`
-- ----------------------------
DROP TABLE IF EXISTS `deadlines`;
CREATE TABLE `deadlines` (
  `id` int(10) unsigned NOT NULL AUTO_INCREMENT,
  `client_id` int(30) unsigned NOT NULL,
  `date_id` int(30) unsigned NOT NULL,
  PRIMARY KEY (`id`)
) ENGINE=InnoDB AUTO_INCREMENT=37 DEFAULT CHARSET=utf8;

-- ----------------------------
-- Records of deadlines
-- ----------------------------
INSERT INTO `deadlines` VALUES ('27', '10', '1711');
INSERT INTO `deadlines` VALUES ('28', '11', '1741');
INSERT INTO `deadlines` VALUES ('29', '13', '1770');
INSERT INTO `deadlines` VALUES ('30', '12', '1766');
INSERT INTO `deadlines` VALUES ('31', '14', '1754');
INSERT INTO `deadlines` VALUES ('32', '15', '1634');
INSERT INTO `deadlines` VALUES ('33', '16', '1605');
INSERT INTO `deadlines` VALUES ('34', '17', '1619');
INSERT INTO `deadlines` VALUES ('35', '18', '1644');
INSERT INTO `deadlines` VALUES ('36', '19', '1710');

-- ----------------------------
-- Table structure for `departaments`
-- ----------------------------
DROP TABLE IF EXISTS `departaments`;
CREATE TABLE `departaments` (
  `id` int(11) NOT NULL AUTO_INCREMENT,
  `name` varchar(255) NOT NULL,
  `priority` int(4) DEFAULT '0',
  `cols` int(4) NOT NULL DEFAULT '1' COMMENT 'Количество колонок так как после каждого отдела нужно выводить дни недели',
  `color` varchar(10) DEFAULT NULL,
  `text_color` varchar(10) DEFAULT NULL,
  PRIMARY KEY (`id`),
  KEY `id` (`id`,`name`),
  KEY `name` (`name`)
) ENGINE=InnoDB AUTO_INCREMENT=18 DEFAULT CHARSET=utf8;

-- ----------------------------
-- Records of departaments
-- ----------------------------
INSERT INTO `departaments` VALUES ('5', 'Программисты', '4', '11', '#ffffff', '#000000');
INSERT INTO `departaments` VALUES ('6', 'Сео', '1', '3', '#ffffff', '#000000');
INSERT INTO `departaments` VALUES ('14', 'Дизайн', '3', '7', '#eb346b', '#000000');
INSERT INTO `departaments` VALUES ('17', 'Прототип', '2', '3', '#0000f2', '#ffffff');

-- ----------------------------
-- Table structure for `summary`
-- ----------------------------
DROP TABLE IF EXISTS `summary`;
CREATE TABLE `summary` (
  `id` int(255) unsigned NOT NULL AUTO_INCREMENT,
  `client_id` int(11) NOT NULL,
  `hours` smallint(4) unsigned DEFAULT '0',
  `begin_date` date DEFAULT NULL,
  `end_date` date DEFAULT NULL,
  `is_archive` enum('0','1') NOT NULL DEFAULT '0',
  PRIMARY KEY (`id`),
  KEY `id_client` (`client_id`),
  CONSTRAINT `id_client` FOREIGN KEY (`client_id`) REFERENCES `clients` (`id`)
) ENGINE=InnoDB AUTO_INCREMENT=13 DEFAULT CHARSET=utf8;

-- ----------------------------
-- Records of summary
-- ----------------------------
INSERT INTO `summary` VALUES ('3', '10', '103', '2016-03-16', '2016-05-31', '0');
INSERT INTO `summary` VALUES ('4', '11', '103', '2016-05-14', '2016-06-30', '0');
INSERT INTO `summary` VALUES ('5', '12', '74', '2016-05-16', '2016-07-25', '0');
INSERT INTO `summary` VALUES ('6', '13', '58', '2016-05-23', '2016-07-29', '0');
INSERT INTO `summary` VALUES ('7', '14', '133', '2016-04-06', '2016-07-13', '0');
INSERT INTO `summary` VALUES ('8', '15', '130', '2015-11-18', '2016-03-15', '0');
INSERT INTO `summary` VALUES ('9', '16', '58', '2015-12-02', '2016-02-15', '0');
INSERT INTO `summary` VALUES ('10', '17', '58', '2015-12-10', '2016-02-29', '0');
INSERT INTO `summary` VALUES ('11', '18', '74', '2016-01-12', '2016-03-25', '0');
INSERT INTO `summary` VALUES ('12', '19', '63', '2016-03-15', '2016-05-30', '0');

-- ----------------------------
-- Table structure for `summary_info`
-- ----------------------------
DROP TABLE IF EXISTS `summary_info`;
CREATE TABLE `summary_info` (
  `id` int(10) unsigned NOT NULL AUTO_INCREMENT,
  `worker_id` int(10) unsigned NOT NULL,
  `summary_id` int(10) unsigned NOT NULL,
  `days_count` int(10) unsigned DEFAULT NULL,
  `date_end` date DEFAULT NULL,
  `plan_hours` float unsigned DEFAULT '0',
  `priority` tinyint(2) unsigned NOT NULL DEFAULT '0',
  PRIMARY KEY (`id`),
  KEY `summary` (`summary_id`),
  CONSTRAINT `summary` FOREIGN KEY (`summary_id`) REFERENCES `summary` (`id`)
) ENGINE=InnoDB AUTO_INCREMENT=54 DEFAULT CHARSET=utf8;

-- ----------------------------
-- Records of summary_info
-- ----------------------------
INSERT INTO `summary_info` VALUES ('1', '12', '4', '1', '2016-05-16', '1', '0');
INSERT INTO `summary_info` VALUES ('2', '45', '4', '5', '2016-05-23', '30', '0');
INSERT INTO `summary_info` VALUES ('3', '13', '4', '20', '2016-06-21', '50', '0');
INSERT INTO `summary_info` VALUES ('4', '11', '4', '11', '2016-07-06', '22', '0');
INSERT INTO `summary_info` VALUES ('5', '12', '5', '1', '2016-05-17', '1', '0');
INSERT INTO `summary_info` VALUES ('6', '45', '5', '20', '2016-06-15', '10', '0');
INSERT INTO `summary_info` VALUES ('7', '13', '5', '25', '2016-07-20', '20', '0');
INSERT INTO `summary_info` VALUES ('8', '11', '5', '28', '2016-08-29', '43', '0');
INSERT INTO `summary_info` VALUES ('9', '12', '6', '1', '2016-05-24', '1', '0');
INSERT INTO `summary_info` VALUES ('14', '12', '3', '1', '2016-03-17', '1', '0');
INSERT INTO `summary_info` VALUES ('18', '45', '3', '15', '2016-04-06', '20', '0');
INSERT INTO `summary_info` VALUES ('28', '13', '3', '20', '2016-04-13', '30', '0');
INSERT INTO `summary_info` VALUES ('29', '45', '6', '10', '2016-06-06', '10', '0');
INSERT INTO `summary_info` VALUES ('30', '13', '6', '20', '2016-06-21', '22', '0');
INSERT INTO `summary_info` VALUES ('31', '13', '9', '10', '2015-12-16', '10', '0');
INSERT INTO `summary_info` VALUES ('32', '45', '9', '30', '2016-01-13', '19', '0');
INSERT INTO `summary_info` VALUES ('33', '10', '9', '40', '2016-01-27', '29', '0');
INSERT INTO `summary_info` VALUES ('35', '45', '12', '17', '2016-04-07', '15', '0');
INSERT INTO `summary_info` VALUES ('38', '13', '12', '14', '2016-04-04', '25', '0');
INSERT INTO `summary_info` VALUES ('39', '10', '12', '9', '2016-03-28', '23', '0');
INSERT INTO `summary_info` VALUES ('40', '12', '8', '5', '2015-11-27', '13', '0');
INSERT INTO `summary_info` VALUES ('41', '45', '8', '20', '2015-12-18', '5', '0');
INSERT INTO `summary_info` VALUES ('42', '13', '8', '50', '2016-01-29', '30', '0');
INSERT INTO `summary_info` VALUES ('43', '10', '8', '28', '2015-12-30', '37', '0');
INSERT INTO `summary_info` VALUES ('44', '11', '8', null, null, '0', '0');
INSERT INTO `summary_info` VALUES ('45', '45', '10', '10', '2015-12-24', '10', '0');
INSERT INTO `summary_info` VALUES ('46', '13', '10', '30', '2016-01-21', '19', '0');
INSERT INTO `summary_info` VALUES ('47', '11', '10', '40', '2016-02-04', '29', '0');
INSERT INTO `summary_info` VALUES ('48', '45', '11', '20', '2016-02-09', '10', '0');
INSERT INTO `summary_info` VALUES ('49', '13', '11', '25', '2016-02-16', '20', '0');
INSERT INTO `summary_info` VALUES ('50', '11', '11', '28', '2016-02-19', '44', '0');
INSERT INTO `summary_info` VALUES ('51', '12', '7', '1', '2016-04-07', '2', '0');
INSERT INTO `summary_info` VALUES ('52', '45', '7', '24', '2016-05-10', '24', '0');
INSERT INTO `summary_info` VALUES ('53', '13', '7', '30', '2016-05-18', '40', '0');

-- ----------------------------
-- Table structure for `work_table`
-- ----------------------------
DROP TABLE IF EXISTS `work_table`;
CREATE TABLE `work_table` (
  `id` int(255) NOT NULL AUTO_INCREMENT,
  `date_id` int(255) NOT NULL,
  `dep_id` int(11) NOT NULL,
  `client_id` int(11) DEFAULT NULL,
  `worker_id` int(11) NOT NULL,
  `time` float DEFAULT '0',
  `description` text,
  `text` varchar(255) DEFAULT NULL,
  PRIMARY KEY (`id`),
  KEY `dep_ID` (`dep_id`),
  KEY `worker_id` (`worker_id`),
  KEY `client_id` (`client_id`),
  KEY `date_id` (`date_id`),
  CONSTRAINT `client_id` FOREIGN KEY (`client_id`) REFERENCES `clients` (`id`),
  CONSTRAINT `date_id` FOREIGN KEY (`date_id`) REFERENCES `dates` (`id`),
  CONSTRAINT `dep_ID` FOREIGN KEY (`dep_id`) REFERENCES `departaments` (`id`),
  CONSTRAINT `worker_id` FOREIGN KEY (`worker_id`) REFERENCES `workers` (`id`)
) ENGINE=InnoDB AUTO_INCREMENT=232 DEFAULT CHARSET=utf8;

-- ----------------------------
-- Records of work_table
-- ----------------------------
INSERT INTO `work_table` VALUES ('1', '1692', '14', '11', '13', '1.5', '', null);
INSERT INTO `work_table` VALUES ('2', '1693', '14', '11', '13', '1.5', '', null);
INSERT INTO `work_table` VALUES ('3', '1696', '17', '11', '45', '5', '1) Вникнуть в проект.\n2) Продолжить разработку. ', null);
INSERT INTO `work_table` VALUES ('4', '1697', '17', '11', '45', '1.5', '', null);
INSERT INTO `work_table` VALUES ('5', '1698', '17', '11', '45', '8', '1) Страница портфолио\n2) Страница корпоративный сайт', null);
INSERT INTO `work_table` VALUES ('6', '1699', '17', '11', '45', '8', '', null);
INSERT INTO `work_table` VALUES ('7', '1700', '17', '11', '45', '8', '', null);
INSERT INTO `work_table` VALUES ('8', '1703', '17', '11', '45', '5', '', null);
INSERT INTO `work_table` VALUES ('9', '1703', '14', '11', '13', '1', '', null);
INSERT INTO `work_table` VALUES ('14', '1698', '14', '11', '13', '1', '', null);
INSERT INTO `work_table` VALUES ('15', '1699', '14', '11', '13', '0.5', '1) Главная - 80%', null);
INSERT INTO `work_table` VALUES ('20', '1704', '5', '11', '11', '6.5', '1) Главная - начать верстку.', null);
INSERT INTO `work_table` VALUES ('21', '1665', '14', '11', '13', '3.5', 'Определяюсь со стилем', null);
INSERT INTO `work_table` VALUES ('22', '1705', '5', '11', '11', '6', '', null);
INSERT INTO `work_table` VALUES ('44', '1706', '14', '-1', '13', '1.5', '1) Форма поп-ап, сбор почты.\n2) Обработка фото.\nГотово.', 'ДольчеВита');
INSERT INTO `work_table` VALUES ('45', '1705', '6', '-1', '12', '8', null, 'ДольчеВита');
INSERT INTO `work_table` VALUES ('46', '1706', '6', '-1', '12', '8', null, 'ДольчеВита');
INSERT INTO `work_table` VALUES ('47', '1707', '6', '-1', '12', '7', '1) Анализ карточки товара.\n2) Рекомендации по корзине. Статистика брошенной корзины.\n3) Проверка индекса.\n4) Добавить страницы в вебмастер.\n5) Проверить 404, 302 редирект.\n6) Кросбраузерность.\n', 'Интерприбор');
INSERT INTO `work_table` VALUES ('48', '1710', '6', '-1', '12', '3', null, 'Интерприбор');
INSERT INTO `work_table` VALUES ('49', '1706', '14', '-1', '13', '2', '1) Мои задания - готовы.', 'Заработу');
INSERT INTO `work_table` VALUES ('50', '1705', '14', '-1', '13', '2.5', 'Лк, \n1) раздел категория услуг.\n', 'Заработу');
INSERT INTO `work_table` VALUES ('52', '1707', '14', '-1', '13', '3', null, 'Договор Руслану');
INSERT INTO `work_table` VALUES ('53', '1703', '5', '-1', '11', '8', null, 'Бидер');
INSERT INTO `work_table` VALUES ('54', '1704', '5', '-1', '11', '1.5', null, 'Бидер');
INSERT INTO `work_table` VALUES ('55', '1705', '5', '-1', '11', '2', null, 'Интерприбор');
INSERT INTO `work_table` VALUES ('56', '1703', '5', '-1', '10', '3', null, 'ЧМЗАП');
INSERT INTO `work_table` VALUES ('57', '1704', '5', '-1', '10', '4', null, 'ЧМЗАП');
INSERT INTO `work_table` VALUES ('58', '1703', '5', '-1', '10', '2', null, 'Заработу');
INSERT INTO `work_table` VALUES ('59', '1703', '5', '-1', '10', '1', null, 'Надежные двери');
INSERT INTO `work_table` VALUES ('60', '1704', '5', '-1', '10', '4', null, 'Заработу');
INSERT INTO `work_table` VALUES ('62', '1707', '17', '12', '45', '8', '1) Начать прототип.', null);
INSERT INTO `work_table` VALUES ('63', '1710', '17', '12', '45', '8', '', null);
INSERT INTO `work_table` VALUES ('64', '1707', '5', '11', '11', '8', '', null);
INSERT INTO `work_table` VALUES ('65', '1710', '5', '11', '11', '8', '', null);
INSERT INTO `work_table` VALUES ('66', '1711', '5', '11', '11', '8', '', null);
INSERT INTO `work_table` VALUES ('67', '1712', '5', '11', '11', '8', '', null);
INSERT INTO `work_table` VALUES ('68', '1713', '5', '11', '11', '8', '', null);
INSERT INTO `work_table` VALUES ('69', '1714', '5', '11', '11', '8', '', null);
INSERT INTO `work_table` VALUES ('70', '1578', '14', '15', '13', '6', '', null);
INSERT INTO `work_table` VALUES ('71', '1579', '14', '15', '13', '4', '', null);
INSERT INTO `work_table` VALUES ('72', '1580', '14', '15', '13', '1', '', null);
INSERT INTO `work_table` VALUES ('73', '1587', '14', '15', '13', '1', '', null);
INSERT INTO `work_table` VALUES ('74', '1588', '14', '15', '13', '8', '', null);
INSERT INTO `work_table` VALUES ('75', '1591', '17', '16', '45', '6', '', null);
INSERT INTO `work_table` VALUES ('77', '1592', '17', '16', '45', '4', '', null);
INSERT INTO `work_table` VALUES ('78', '1593', '17', '16', '45', '4', '', null);
INSERT INTO `work_table` VALUES ('79', '1594', '17', '16', '45', '3', '', null);
INSERT INTO `work_table` VALUES ('80', '1598', '17', '17', '45', '6', '', null);
INSERT INTO `work_table` VALUES ('81', '1599', '17', '17', '45', '6', '', null);
INSERT INTO `work_table` VALUES ('82', '1600', '17', '17', '45', '6', '', null);
INSERT INTO `work_table` VALUES ('83', '1601', '17', '17', '45', '6', '', null);
INSERT INTO `work_table` VALUES ('84', '1595', '14', '15', '13', '0.5', '', null);
INSERT INTO `work_table` VALUES ('85', '1599', '14', '15', '13', '1', '', null);
INSERT INTO `work_table` VALUES ('86', '1608', '14', '16', '13', '2.5', '', null);
INSERT INTO `work_table` VALUES ('87', '1609', '14', '16', '13', '5', '', null);
INSERT INTO `work_table` VALUES ('88', '1614', '14', '16', '13', '3', '', null);
INSERT INTO `work_table` VALUES ('89', '1615', '14', '16', '13', '5', '', null);
INSERT INTO `work_table` VALUES ('90', '1616', '14', '16', '13', '3.5', '', null);
INSERT INTO `work_table` VALUES ('91', '1619', '14', '15', '13', '1', '', null);
INSERT INTO `work_table` VALUES ('92', '1615', '14', '15', '13', '1', '', null);
INSERT INTO `work_table` VALUES ('93', '1622', '14', '17', '13', '3.5', '', null);
INSERT INTO `work_table` VALUES ('94', '1623', '14', '17', '13', '4', '', null);
INSERT INTO `work_table` VALUES ('95', '1621', '14', '14', '13', '1', '', null);
INSERT INTO `work_table` VALUES ('96', '1619', '17', '14', '45', '4.7', '', null);
INSERT INTO `work_table` VALUES ('97', '1620', '17', '14', '45', '5', '', null);
INSERT INTO `work_table` VALUES ('98', '1621', '17', '14', '45', '5.5', '', null);
INSERT INTO `work_table` VALUES ('99', '1623', '14', '15', '13', '1', '', null);
INSERT INTO `work_table` VALUES ('100', '1628', '14', '17', '13', '4', '', null);
INSERT INTO `work_table` VALUES ('101', '1620', '5', '16', '10', '138', 'Поставил сюда для отображения в сводной', null);
INSERT INTO `work_table` VALUES ('102', '1633', '14', '18', '13', '4', '', null);
INSERT INTO `work_table` VALUES ('103', '1634', '14', '18', '13', '4.5', '', null);
INSERT INTO `work_table` VALUES ('104', '1636', '14', '16', '13', '2', '', null);
INSERT INTO `work_table` VALUES ('105', '1637', '14', '18', '13', '2', '', null);
INSERT INTO `work_table` VALUES ('106', '1641', '14', '18', '13', '3.5', '', null);
INSERT INTO `work_table` VALUES ('107', '1640', '14', '18', '13', '6', '', null);
INSERT INTO `work_table` VALUES ('108', '1641', '14', '16', '13', '3', '', null);
INSERT INTO `work_table` VALUES ('109', '1642', '14', '17', '13', '3', '', null);
INSERT INTO `work_table` VALUES ('110', '1642', '14', '16', '13', '4', '', null);
INSERT INTO `work_table` VALUES ('111', '1643', '14', '17', '13', '1.5', '', null);
INSERT INTO `work_table` VALUES ('112', '1643', '17', '19', '45', '8', '', null);
INSERT INTO `work_table` VALUES ('113', '1644', '17', '19', '45', '5', '', null);
INSERT INTO `work_table` VALUES ('114', '1647', '17', '19', '45', '8', '', null);
INSERT INTO `work_table` VALUES ('115', '1648', '17', '19', '45', '8', '', null);
INSERT INTO `work_table` VALUES ('116', '1647', '14', '16', '13', '1.5', '', null);
INSERT INTO `work_table` VALUES ('117', '1633', '5', '17', '11', '2', '', null);
INSERT INTO `work_table` VALUES ('118', '1634', '5', '17', '11', '8', '', null);
INSERT INTO `work_table` VALUES ('119', '1635', '5', '17', '11', '8', '', null);
INSERT INTO `work_table` VALUES ('120', '1647', '14', '15', '13', '3', '', null);
INSERT INTO `work_table` VALUES ('121', '1648', '14', '15', '13', '4', '', null);
INSERT INTO `work_table` VALUES ('122', '1649', '14', '15', '13', '4', '', null);
INSERT INTO `work_table` VALUES ('123', '1650', '14', '15', '13', '1', '', null);
INSERT INTO `work_table` VALUES ('124', '1654', '17', '10', '45', '1', '', null);
INSERT INTO `work_table` VALUES ('125', '1655', '17', '17', '45', '8', '', null);
INSERT INTO `work_table` VALUES ('126', '1656', '17', '10', '45', '0', '', null);
INSERT INTO `work_table` VALUES ('128', '1657', '17', '10', '45', '1', '', null);
INSERT INTO `work_table` VALUES ('129', '1658', '17', '-1', '45', '1', null, 'ДольчеВита');
INSERT INTO `work_table` VALUES ('130', '1661', '17', '16', '45', '8', '', null);
INSERT INTO `work_table` VALUES ('131', '1662', '17', '16', '45', '5', '', null);
INSERT INTO `work_table` VALUES ('132', '1663', '17', '10', '45', '3', '', null);
INSERT INTO `work_table` VALUES ('133', '1664', '17', '10', '45', '8', '', null);
INSERT INTO `work_table` VALUES ('134', '1665', '17', '19', '45', '4.5', '', null);
INSERT INTO `work_table` VALUES ('135', '1668', '17', '10', '45', '3', '', null);
INSERT INTO `work_table` VALUES ('138', '1661', '14', '14', '13', '1.5', '', null);
INSERT INTO `work_table` VALUES ('139', '1662', '14', '18', '13', '3', '', null);
INSERT INTO `work_table` VALUES ('140', '1663', '14', '18', '13', '2.5', '', null);
INSERT INTO `work_table` VALUES ('141', '1664', '14', '18', '13', '1', '', null);
INSERT INTO `work_table` VALUES ('142', '1661', '14', '15', '13', '3', '', null);
INSERT INTO `work_table` VALUES ('143', '1663', '14', '15', '13', '1', '', null);
INSERT INTO `work_table` VALUES ('144', '1665', '14', '19', '13', '1.5', '', null);
INSERT INTO `work_table` VALUES ('145', '1668', '14', '19', '13', '5.5', '', null);
INSERT INTO `work_table` VALUES ('146', '1669', '14', '19', '13', '1.5', '', null);
INSERT INTO `work_table` VALUES ('148', '1670', '14', '15', '13', '2.5', '', null);
INSERT INTO `work_table` VALUES ('149', '1671', '14', '18', '13', '4', '', null);
INSERT INTO `work_table` VALUES ('150', '1671', '14', '19', '13', '1', '', null);
INSERT INTO `work_table` VALUES ('151', '1672', '14', '19', '13', '4', '', null);
INSERT INTO `work_table` VALUES ('152', '1675', '14', '19', '13', '2', '', null);
INSERT INTO `work_table` VALUES ('153', '1676', '14', '19', '13', '4.5', '', null);
INSERT INTO `work_table` VALUES ('154', '1677', '14', '15', '13', '1', '', null);
INSERT INTO `work_table` VALUES ('155', '1678', '14', '15', '13', '1.5', '', null);
INSERT INTO `work_table` VALUES ('156', '1679', '14', '15', '13', '2', '', null);
INSERT INTO `work_table` VALUES ('157', '1676', '14', '15', '13', '1', '', null);
INSERT INTO `work_table` VALUES ('158', '1684', '17', '14', '45', '7.5', '', null);
INSERT INTO `work_table` VALUES ('159', '1685', '17', '14', '45', '4', '', null);
INSERT INTO `work_table` VALUES ('160', '1684', '14', '15', '13', '4', '', null);
INSERT INTO `work_table` VALUES ('161', '1685', '14', '15', '13', '3.5', '', null);
INSERT INTO `work_table` VALUES ('162', '1685', '14', '19', '13', '1', '', null);
INSERT INTO `work_table` VALUES ('163', '1690', '14', '15', '13', '1', '', null);
INSERT INTO `work_table` VALUES ('164', '1691', '14', '19', '13', '0.5', '', null);
INSERT INTO `work_table` VALUES ('165', '1690', '17', '14', '45', '8', '', null);
INSERT INTO `work_table` VALUES ('166', '1691', '17', '14', '45', '8', '', null);
INSERT INTO `work_table` VALUES ('167', '1692', '17', '14', '45', '8', '', null);
INSERT INTO `work_table` VALUES ('168', '1693', '17', '14', '45', '8', '', null);
INSERT INTO `work_table` VALUES ('169', '1693', '14', '19', '13', '1', '', null);
INSERT INTO `work_table` VALUES ('170', '1690', '14', '19', '13', '0.5', '', null);
INSERT INTO `work_table` VALUES ('171', '1640', '5', '17', '10', '3', '', null);
INSERT INTO `work_table` VALUES ('172', '1637', '5', '17', '10', '5', '', null);
INSERT INTO `work_table` VALUES ('173', '1641', '5', '17', '10', '1', '', null);
INSERT INTO `work_table` VALUES ('175', '1643', '5', '17', '10', '4', '', null);
INSERT INTO `work_table` VALUES ('176', '1644', '5', '17', '10', '3', '', null);
INSERT INTO `work_table` VALUES ('177', '1649', '5', '17', '10', '1', '', null);
INSERT INTO `work_table` VALUES ('178', '1650', '5', '17', '10', '2', '', null);
INSERT INTO `work_table` VALUES ('179', '1654', '5', '17', '10', '4', '', null);
INSERT INTO `work_table` VALUES ('180', '1643', '5', '18', '11', '7', '', null);
INSERT INTO `work_table` VALUES ('181', '1647', '5', '18', '11', '8', '', null);
INSERT INTO `work_table` VALUES ('182', '1644', '5', '18', '11', '8', '', null);
INSERT INTO `work_table` VALUES ('183', '1648', '5', '18', '11', '2', '', null);
INSERT INTO `work_table` VALUES ('184', '1648', '5', '15', '11', '6', '', null);
INSERT INTO `work_table` VALUES ('185', '1649', '5', '15', '11', '8', '', null);
INSERT INTO `work_table` VALUES ('186', '1650', '5', '15', '11', '8', '', null);
INSERT INTO `work_table` VALUES ('187', '1651', '5', '18', '11', '8', '', null);
INSERT INTO `work_table` VALUES ('188', '1654', '5', '18', '11', '8', '', null);
INSERT INTO `work_table` VALUES ('189', '1655', '5', '18', '11', '8', '', null);
INSERT INTO `work_table` VALUES ('190', '1656', '5', '18', '11', '8', '', null);
INSERT INTO `work_table` VALUES ('191', '1657', '5', '18', '11', '8', '', null);
INSERT INTO `work_table` VALUES ('192', '1658', '5', '18', '11', '8', '', null);
INSERT INTO `work_table` VALUES ('193', '1661', '5', '18', '11', '8', '', null);
INSERT INTO `work_table` VALUES ('194', '1662', '5', '18', '11', '8', '', null);
INSERT INTO `work_table` VALUES ('195', '1663', '5', '18', '11', '2', '', null);
INSERT INTO `work_table` VALUES ('196', '1663', '5', '16', '11', '4', '', null);
INSERT INTO `work_table` VALUES ('197', '1664', '5', '16', '11', '8', '', null);
INSERT INTO `work_table` VALUES ('198', '1665', '5', '16', '11', '8', '', null);
INSERT INTO `work_table` VALUES ('199', '1668', '5', '16', '11', '1', '', null);
INSERT INTO `work_table` VALUES ('200', '1668', '5', '18', '11', '1', '', null);
INSERT INTO `work_table` VALUES ('201', '1669', '5', '18', '11', '0.5', '', null);
INSERT INTO `work_table` VALUES ('202', '1670', '5', '18', '11', '8', '', null);
INSERT INTO `work_table` VALUES ('203', '1671', '5', '18', '11', '4', '', null);
INSERT INTO `work_table` VALUES ('204', '1684', '5', '18', '11', '4', '', null);
INSERT INTO `work_table` VALUES ('205', '1685', '5', '18', '11', '8', '', null);
INSERT INTO `work_table` VALUES ('206', '1686', '5', '18', '11', '6', '', null);
INSERT INTO `work_table` VALUES ('207', '1690', '5', '18', '11', '2', '', null);
INSERT INTO `work_table` VALUES ('208', '1690', '5', '15', '11', '6', '', null);
INSERT INTO `work_table` VALUES ('209', '1691', '5', '15', '11', '8', '', null);
INSERT INTO `work_table` VALUES ('210', '1692', '5', '15', '11', '7.5', '', null);
INSERT INTO `work_table` VALUES ('211', '1693', '5', '15', '11', '5', '', null);
INSERT INTO `work_table` VALUES ('212', '1697', '5', '15', '11', '7.5', '', null);
INSERT INTO `work_table` VALUES ('213', '1698', '5', '15', '11', '4', '', null);
INSERT INTO `work_table` VALUES ('215', '1657', '5', '15', '10', '1', '', null);
INSERT INTO `work_table` VALUES ('216', '1656', '5', '16', '10', '40', '', null);
INSERT INTO `work_table` VALUES ('217', '1663', '5', '15', '10', '4', '', null);
INSERT INTO `work_table` VALUES ('218', '1664', '5', '15', '10', '2', '', null);
INSERT INTO `work_table` VALUES ('219', '1665', '5', '15', '10', '4', '', null);
INSERT INTO `work_table` VALUES ('220', '1668', '5', '15', '10', '3', '', null);
INSERT INTO `work_table` VALUES ('221', '1669', '5', '15', '10', '2', '', null);
INSERT INTO `work_table` VALUES ('222', '1670', '5', '15', '10', '2', '', null);
INSERT INTO `work_table` VALUES ('223', '1677', '5', '15', '10', '3', '', null);
INSERT INTO `work_table` VALUES ('225', '1678', '5', '15', '10', '6', '', null);
INSERT INTO `work_table` VALUES ('226', '1679', '5', '15', '10', '6', '', null);
INSERT INTO `work_table` VALUES ('227', '1684', '5', '15', '10', '4', '', null);
INSERT INTO `work_table` VALUES ('228', '1685', '5', '15', '10', '5', '', null);
INSERT INTO `work_table` VALUES ('230', '1686', '5', '15', '10', '2', '', null);
INSERT INTO `work_table` VALUES ('231', '1686', '5', '19', '10', '22', '', null);

-- ----------------------------
-- Table structure for `workers`
-- ----------------------------
DROP TABLE IF EXISTS `workers`;
CREATE TABLE `workers` (
  `id` int(255) NOT NULL AUTO_INCREMENT,
  `name` varchar(255) NOT NULL,
  `fam` varchar(255) DEFAULT NULL,
  `otch` varchar(255) DEFAULT NULL,
  `color` varchar(10) DEFAULT NULL,
  `departament` int(11) NOT NULL,
  `priority` int(4) NOT NULL DEFAULT '0',
  `cols` int(2) NOT NULL DEFAULT '2' COMMENT 'Количество колонок, не должно быть нечётным',
  PRIMARY KEY (`id`),
  KEY `departament` (`departament`),
  CONSTRAINT `departament` FOREIGN KEY (`departament`) REFERENCES `departaments` (`id`)
) ENGINE=InnoDB AUTO_INCREMENT=46 DEFAULT CHARSET=utf8;

-- ----------------------------
-- Records of workers
-- ----------------------------
INSERT INTO `workers` VALUES ('10', 'Василий', ' ', null, 'blue', '5', '5', '6');
INSERT INTO `workers` VALUES ('11', 'Данил', ' ', null, 'teal', '5', '4', '4');
INSERT INTO `workers` VALUES ('12', 'Алина', ' ', null, 'red', '6', '1', '2');
INSERT INTO `workers` VALUES ('13', 'Артём', ' ', null, 'black', '14', '4', '6');
INSERT INTO `workers` VALUES ('45', 'Алёна', null, null, null, '17', '0', '2');
